Name,SMILES
1ed_1b_1ea,c1(ccc(cc1)N(c1ccccc1)c1ccccc1)c1c2c(c(s1)c1ccc(C=C(C#N)C(=O)O)cc1)nccn2
1ed_10b_1ea,c1(ccc(cc1)N(c1ccccc1)c1ccccc1)c1sc2c(n(CC)c3c2sc(c3)c2ccc(/C=C(\C#N)/C(=O)O)cc2)c1
1ed_10b_2ea,c1(ccc(cc1)N(c1ccccc1)c1ccccc1)c1sc2c(n(CC)c3c2sc(c3)c2ncc(C(=O)O)cc2)c1
1ed_10b_3ea,c1(ccc(cc1)N(c1ccccc1)c1ccccc1)c1sc2c(n(CC)c3c2sc(c3)c2ncc(C(=O)O)nc2)c1
1ed_11b_1ea,c1(ccc(cc1)N(c1ccccc1)c1ccccc1)c1c2OCCOc2c(s1)c1ccc(/C=C(\C#N)/C(=O)O)cc1
1ed_11b_2ea,c1(ccc(cc1)N(c1ccccc1)c1ccccc1)c1c2OCCOc2c(s1)c1ncc(C(=O)O)cc1
1ed_11b_3ea,c1(ccc(cc1)N(c1ccccc1)c1ccccc1)c1c2OCCOc2c(s1)c1ncc(C(=O)O)nc1
1ed_12b_2ea,c1(ccc(cc1)N(c1ccccc1)c1ccccc1)c1ccc(n1CC)c1ncc(C(=O)O)cc1
1ed_12b_3ea,c1(ccc(cc1)N(c1ccccc1)c1ccccc1)c1ccc(n1CC)c1ncc(C(=O)O)nc1
1ed_13b_1ea,c1(ccc(cc1)N(c1ccccc1)c1ccccc1)c1cc2c(cc(s2)c2ccc(/C=C(\C#N)/C(=O)O)cc2)s1
1ed_13b_2ea,c1(ccc(cc1)N(c1ccccc1)c1ccccc1)c1cc2c(cc(s2)c2ncc(C(=O)O)cc2)s1
1ed_13b_3ea,c1(ccc(cc1)N(c1ccccc1)c1ccccc1)c1cc2c(cc(s2)c2ncc(C(=O)O)nc2)s1
1ed_14b_1ea,c1(ccc(cc1)N(c1ccccc1)c1ccccc1)c1c2c(nn(CC)n2)c(cc1)c1ccc(/C=C(\C#N)/C(=O)O)cc1
1ed_14b_2ea,c1(ccc(cc1)N(c1ccccc1)c1ccccc1)c1c2c(nn(CC)n2)c(cc1)c1ncc(C(=O)O)cc1
1ed_14b_3ea,c1(ccc(cc1)N(c1ccccc1)c1ccccc1)c1c2c(nn(CC)n2)c(cc1)c1ncc(C(=O)O)nc1
1ed_15b_1ea,c1(ccc(cc1)N(c1ccccc1)c1ccccc1)c1ccc(c2nonc12)c1ccc(/C=C(\C#N)/C(=O)O)cc1
1ed_15b_2ea,c1(ccc(cc1)N(c1ccccc1)c1ccccc1)c1ccc(c2nonc12)c1ncc(C(=O)O)cc1
1ed_15b_3ea,c1(ccc(cc1)N(c1ccccc1)c1ccccc1)c1ccc(c2nonc12)c1ncc(C(=O)O)nc1
1ed_16b_1ea,c1(ccc(cc1)N(c1ccccc1)c1ccccc1)[C@H]1c2c(C(=[S]1)c1ccc(C=C(C#N)C(=O)O)cc1)nsn2
1ed_16b_2ea,c1(ccc(cc1)N(c1ccccc1)c1ccccc1)[C@@H]1c2c(C(=[S]1)c1ncc(C(=O)O)cc1)nsn2
1ed_16b_3ea,c1(ccc(cc1)N(c1ccccc1)c1ccccc1)[C@@H]1c2c(C(=[S]1)c1ncc(C(=O)O)nc1)nsn2
1ed_1b_2ea,c1(ccc(cc1)N(c1ccccc1)c1ccccc1)c1c2c(c(s1)c1ncc(C(=O)O)cc1)nccn2
1ed_1b_3ea,c1(ccc(cc1)N(c1ccccc1)c1ccccc1)c1c2c(c(s1)c1ncc(C(=O)O)nc1)nccn2
1ed_2b_1ea,c1ccc(N(c2ccccc2)c2ccc(cc2)c2ccc(s2)c2ccc(s2)c2ccc(/C=C(\C#N)/C(=O)O)cc2)cc1
1ed_2b_2ea,c1ccc(N(c2ccccc2)c2ccc(cc2)c2ccc(s2)c2ccc(s2)c2ccc(C(=O)O)cn2)cc1
1ed_2b_3ea,c1ccc(N(c2ccccc2)c2ccc(cc2)c2ccc(s2)c2ccc(s2)c2ncc(C(=O)O)nc2)cc1
1ed_3b_1ea,c1ccc(N(c2ccccc2)c2ccc(cc2)c2ccc(s2)c2ccc(c3ccc(s3)c3ccc(/C=C(\C#N)/C(=O)O)cc3)s2)cc1
1ed_3b_2ea,c1ccc(N(c2ccccc2)c2ccc(cc2)c2ccc(s2)c2ccc(c3ccc(s3)c3ccc(C(=O)O)cn3)s2)cc1
1ed_3b_3ea,c1ccc(N(c2ccccc2)c2ccc(cc2)c2ccc(s2)c2ccc(c3ccc(s3)c3ncc(C(=O)O)nc3)s2)cc1
1ed_4b_1ea,c1ccc(N(c2ccccc2)c2ccc(cc2)c2ccc(c3c2nsn3)c2ccc(/C=C(\C#N)/C(=O)O)cc2)cc1
1ed_4b_2ea,c1ccc(N(c2ccccc2)c2ccc(cc2)c2ccc(c3c2nsn3)c2ccc(C(=O)O)cn2)cc1
1ed_4b_3ea,c1ccc(N(c2ccccc2)c2ccc(cc2)c2ccc(c3c2nsn3)c2ncc(C(=O)O)nc2)cc1
1ed_5b_1ea,c1ccc(N(c2ccccc2)c2ccc(cc2)c2c3nn(C)nc3c(cc2)c2ccc(/C=C(\C#N)/C(=O)O)cc2)cc1
1ed_5b_2ea,c1ccc(N(c2ccccc2)c2ccc(cc2)c2c3nn(C)nc3c(cc2)c2ccc(C(=O)O)cn2)cc1
1ed_5b_3ea,c1ccc(N(c2ccccc2)c2ccc(cc2)c2c3nn(C)nc3c(cc2)c2ncc(C(=O)O)nc2)cc1
1ed_6b_1ea,c1(ccc(cc1)N(c1ccccc1)c1ccccc1)c1sc2c3c(cc(s3)c3ccc(C=C(C#N)C(=O)O)cc3)n(c2c1)c1ccccc1
1ed_6b_2ea,c1(ccc(cc1)N(c1ccccc1)c1ccccc1)c1sc2c3c(cc(s3)c3ncc(C(=O)O)cc3)n(c2c1)c1ccccc1
1ed_6b_3ea,c1(ccc(cc1)N(c1ccccc1)c1ccccc1)c1sc2c3c(cc(s3)c3ncc(C(=O)O)nc3)n(c2c1)c1ccccc1
1ed_7b_1ea,c1(ccc(cc1)N(c1ccccc1)c1ccccc1)c1ccc(s1)c1ccc(/C=C(\C#N)/C(=O)O)cc1
1ed_7b_2ea,c1(ccc(cc1)N(c1ccccc1)c1ccccc1)c1ccc(s1)c1ncc(C(=O)O)cc1
1ed_7b_3ea,c1(ccc(cc1)N(c1ccccc1)c1ccccc1)c1ccc(s1)c1ncc(C(=O)O)nc1
1ed_8b_1ea,c1(ccc(cc1)N(c1ccccc1)c1ccccc1)c1sc(c2cc(C(=O)OC)sc12)c1ccc(/C=C(\C#N)/C(=O)O)cc1
1ed_8b_2ea,c1(ccc(cc1)N(c1ccccc1)c1ccccc1)c1sc(c2cc(C(=O)OC)sc12)c1ncc(C(=O)O)cc1
1ed_8b_3ea,c1(ccc(cc1)N(c1ccccc1)c1ccccc1)c1sc(c2cc(C(=O)OC)sc12)c1ncc(C(=O)O)nc1
1ed_9b_1ea,c1(ccc(cc1)N(c1ccccc1)c1ccccc1)c1c2c(cccc2)c(s1)c1ccc(/C=C(\C#N)/C(=O)O)cc1
1ed_9b_2ea,c1(ccc(cc1)N(c1ccccc1)c1ccccc1)c1c2c(cccc2)c(s1)c1ncc(C(=O)O)cc1
1ed_9b_3ea,c1(ccc(cc1)N(c1ccccc1)c1ccccc1)c1c2c(cccc2)c(s1)c1ncc(C(=O)O)nc1
2ed_10b_1ea,N(c1ccccc1)(c1ccccc1)c1sc2c(n(CC)c3c2sc(c3)c2ccc(/C=C(\C#N)/C(=O)O)cc2)c1
2ed_10b_2ea,N(c1ccccc1)(c1ccccc1)c1sc2c(n(CC)c3c2sc(c3)c2ncc(C(=O)O)cc2)c1
2ed_10b_3ea,N(c1ccccc1)(c1ccccc1)c1sc2c(n(CC)c3c2sc(c3)c2ncc(C(=O)O)nc2)c1
2ed_11b_1ea,N(c1ccccc1)(c1ccccc1)c1c2OCCOc2c(s1)c1ccc(/C=C(\C#N)/C(=O)O)cc1
2ed_11b_2ea,N(c1ccccc1)(c1ccccc1)c1c2OCCOc2c(s1)c1ncc(C(=O)O)cc1
2ed_11b_3ea,N(c1ccccc1)(c1ccccc1)c1c2OCCOc2c(s1)c1ncc(C(=O)O)nc1
2ed_12b_1ea,N(c1ccccc1)(c1ccccc1)c1ccc(n1CC)c1ccc(/C=C(\C#N)/C(=O)O)cc1
2ed_12b_2ea,N(c1ccccc1)(c1ccccc1)c1ccc(n1CC)c1ncc(C(=O)O)cc1
2ed_13b_1ea,N(c1ccccc1)(c1ccccc1)c1cc2c(cc(s2)c2ccc(/C=C(\C#N)/C(=O)O)cc2)s1
2ed_13b_2ea,N(c1ccccc1)(c1ccccc1)c1cc2c(cc(s2)c2ncc(C(=O)O)cc2)s1
2ed_13b_3ea,N(c1ccccc1)(c1ccccc1)c1cc2c(cc(s2)c2ncc(C(=O)O)nc2)s1
2ed_14b_1ea,N(c1ccccc1)(c1ccccc1)c1c2c(nn(CC)n2)c(cc1)c1ccc(/C=C(\C#N)/C(=O)O)cc1
2ed_14b_2ea,N(c1ccccc1)(c1ccccc1)c1c2c(nn(CC)n2)c(cc1)c1ncc(C(=O)O)cc1
2ed_14b_3ea,N(c1ccccc1)(c1ccccc1)c1c2c(nn(CC)n2)c(cc1)c1ncc(C(=O)O)nc1
2ed_15b_1ea,N(c1ccccc1)(c1ccccc1)c1ccc(c2nonc12)c1ccc(/C=C(\C#N)/C(=O)O)cc1
2ed_15b_2ea,N(c1ccccc1)(c1ccccc1)c1ccc(c2nonc12)c1ncc(C(=O)O)cc1
2ed_15b_3ea,N(c1ccccc1)(c1ccccc1)c1ccc(c2nonc12)c1ncc(C(=O)O)nc1
2ed_16b_1ea,N(c1ccccc1)(c1ccccc1)C1=[S][C@@H](c2c1nsn2)c1ccc(C=C(C#N)C(=O)O)cc1
2ed_16b_2ea,N(c1ccccc1)(c1ccccc1)C1=[S][C@H](c2c1nsn2)c1ncc(C(=O)O)cc1
2ed_16b_3ea,N(c1ccccc1)(c1ccccc1)C1=[S][C@@H](c2c1nsn2)c1ncc(C(=O)O)nc1
2ed_1b_1ea,N(c1ccccc1)(c1ccccc1)c1c2c(c(s1)c1ccc(C=C(C#N)C(=O)O)cc1)nccn2
2ed_1b_2ea,N(c1ccccc1)(c1ccccc1)c1c2c(c(s1)c1ncc(C(=O)O)cc1)nccn2
2ed_1b_3ea,N(c1ccccc1)(c1ccccc1)c1c2c(c(s1)c1ncc(C(=O)O)nc1)nccn2
2ed_2b_1ea,c1ccc(N(c2ccccc2)c2ccc(s2)c2ccc(s2)c2ccc(/C=C(\C#N)/C(=O)O)cc2)cc1
2ed_2b_2ea,c1ccc(N(c2ccccc2)c2ccc(s2)c2ccc(s2)c2ccc(C(=O)O)cn2)cc1
2ed_2b_3ea,c1ccc(N(c2ccccc2)c2ccc(s2)c2ccc(s2)c2ncc(C(=O)O)nc2)cc1
2ed_3b_1ea,c1ccc(N(c2ccccc2)c2ccc(s2)c2ccc(c3ccc(s3)c3ccc(/C=C(\C#N)/C(=O)O)cc3)s2)cc1
2ed_3b_2ea,c1ccc(N(c2ccccc2)c2ccc(s2)c2ccc(c3ccc(s3)c3ccc(C(=O)O)cn3)s2)cc1
2ed_3b_3ea,c1ccc(N(c2ccccc2)c2ccc(s2)c2ccc(c3ccc(s3)c3ncc(C(=O)O)nc3)s2)cc1
2ed_4b_1ea,c1ccc(N(c2ccccc2)c2ccc(c3c2nsn3)c2ccc(/C=C(\C#N)/C(=O)O)cc2)cc1
2ed_4b_2ea,c1ccc(N(c2ccccc2)c2ccc(c3c2nsn3)c2ccc(C(=O)O)cn2)cc1
2ed_4b_3ea,c1ccc(N(c2ccccc2)c2ccc(c3c2nsn3)c2ncc(C(=O)O)nc2)cc1
2ed_5b_1ea,c1ccc(N(c2ccccc2)c2c3nn(C)nc3c(cc2)c2ccc(/C=C(\C#N)/C(=O)O)cc2)cc1
2ed_5b_2ea,c1ccc(N(c2ccccc2)c2c3nn(C)nc3c(cc2)c2ccc(C(=O)O)cn2)cc1
2ed_5b_3ea,c1ccc(N(c2ccccc2)c2c3nn(C)nc3c(cc2)c2ncc(C(=O)O)nc2)cc1
2ed_6b_1ea,N(c1ccccc1)(c1ccccc1)c1sc2c3c(cc(s3)c3ccc(C=C(C#N)C(=O)O)cc3)n(c2c1)c1ccccc1
2ed_6b_2ea,N(c1ccccc1)(c1ccccc1)c1sc2c3c(cc(s3)c3ncc(C(=O)O)cc3)n(c2c1)c1ccccc1
2ed_6b_3ea,N(c1ccccc1)(c1ccccc1)c1sc2c3c(cc(s3)c3ncc(C(=O)O)nc3)n(c2c1)c1ccccc1
2ed_7b_1ea,N(c1ccccc1)(c1ccccc1)c1ccc(s1)c1ccc(/C=C(\C#N)/C(=O)O)cc1
2ed_7b_2ea,N(c1ccccc1)(c1ccccc1)c1ccc(s1)c1ncc(C(=O)O)cc1
2ed_7b_3ea,N(c1ccccc1)(c1ccccc1)c1ccc(s1)c1ncc(C(=O)O)nc1
2ed_8b_1ea,N(c1ccccc1)(c1ccccc1)c1sc(c2cc(C(=O)OC)sc12)c1ccc(/C=C(\C#N)/C(=O)O)cc1
2ed_8b_2ea,N(c1ccccc1)(c1ccccc1)c1sc(c2cc(C(=O)OC)sc12)c1ncc(C(=O)O)cc1
2ed_8b_3ea,N(c1ccccc1)(c1ccccc1)c1sc(c2cc(C(=O)OC)sc12)c1ncc(C(=O)O)nc1
2ed_9b_1ea,N(c1ccccc1)(c1ccccc1)c1c2c(cccc2)c(s1)c1ccc(/C=C(\C#N)/C(=O)O)cc1
2ed_9b_2ea,N(c1ccccc1)(c1ccccc1)c1c2c(cccc2)c(s1)c1ncc(C(=O)O)cc1
3ed_10b_1ea,N(c1ccccc1)c1sc2c(n(CC)c3c2sc(c3)c2ccc(/C=C(\C#N)/C(=O)O)cc2)c1
3ed_10b_3ea,N(c1ccccc1)c1sc2c(n(CC)c3c2sc(c3)c2ncc(C(=O)O)nc2)c1
3ed_11b_1ea,N(c1ccccc1)c1c2OCCOc2c(s1)c1ccc(/C=C(\C#N)/C(=O)O)cc1
3ed_11b_2ea,N(c1ccccc1)c1c2OCCOc2c(s1)c1ncc(C(=O)O)cc1
3ed_11b_3ea,N(c1ccccc1)c1c2OCCOc2c(s1)c1ncc(C(=O)O)nc1
3ed_12b_1ea,N(c1ccccc1)c1ccc(n1CC)c1ccc(/C=C(\C#N)/C(=O)O)cc1
3ed_12b_2ea,N(c1ccccc1)c1ccc(n1CC)c1ncc(C(=O)O)cc1
3ed_12b_3ea,N(c1ccccc1)c1ccc(n1CC)c1ncc(C(=O)O)nc1
3ed_13b_1ea,N(c1ccccc1)c1cc2c(cc(s2)c2ccc(/C=C(\C#N)/C(=O)O)cc2)s1
3ed_13b_2ea,N(c1ccccc1)c1cc2c(cc(s2)c2ncc(C(=O)O)cc2)s1
3ed_13b_3ea,N(c1ccccc1)c1cc2c(cc(s2)c2ncc(C(=O)O)nc2)s1
3ed_14b_2ea,N(c1ccccc1)c1c2c(nn(CC)n2)c(cc1)c1ncc(C(=O)O)cc1
3ed_15b_1ea,N(c1ccccc1)c1ccc(c2nonc12)c1ccc(/C=C(\C#N)/C(=O)O)cc1
3ed_15b_2ea,N(c1ccccc1)c1ccc(c2nonc12)c1ncc(C(=O)O)cc1
3ed_15b_3ea,N(c1ccccc1)c1ccc(c2nonc12)c1ncc(C(=O)O)nc1
3ed_16b_1ea,N(c1ccccc1)C1=[S][C@H](c2c1nsn2)c1ccc(C=C(C#N)C(=O)O)cc1
3ed_16b_2ea,N(c1ccccc1)C1=[S][C@@H](c2c1nsn2)c1ncc(C(=O)O)cc1
3ed_16b_3ea,N(c1ccccc1)C1=[S][C@H](c2c1nsn2)c1ncc(C(=O)O)nc1
3ed_1b_1ea,N(c1ccccc1)c1c2c(c(s1)c1ccc(C=C(C#N)C(=O)O)cc1)nccn2
3ed_1b_2ea,N(c1ccccc1)c1c2c(c(s1)c1ncc(C(=O)O)cc1)nccn2
3ed_1b_3ea,N(c1ccccc1)c1c2c(c(s1)c1ncc(C(=O)O)nc1)nccn2
3ed_2b_1ea,N(c1ccccc1)c1ccc(s1)c1ccc(s1)c1ccc(/C=C(\C#N)/C(=O)O)cc1
3ed_2b_2ea,N(c1ccccc1)c1ccc(s1)c1ccc(s1)c1ccc(C(=O)O)cn1
3ed_2b_3ea,N(c1ccccc1)c1ccc(s1)c1ccc(s1)c1ncc(C(=O)O)nc1
3ed_3b_1ea,N(c1ccccc1)c1ccc(s1)c1ccc(c2ccc(s2)c2ccc(/C=C(\C#N)/C(=O)O)cc2)s1
3ed_3b_2ea,N(c1ccccc1)c1ccc(s1)c1ccc(c2ccc(s2)c2ccc(C(=O)O)cn2)s1
3ed_3b_3ea,N(c1ccccc1)c1ccc(s1)c1ccc(c2ccc(s2)c2ncc(C(=O)O)nc2)s1
3ed_4b_1ea,N(c1ccccc1)c1ccc(c2c1nsn2)c1ccc(/C=C(\C#N)/C(=O)O)cc1
3ed_4b_2ea,N(c1ccccc1)c1ccc(c2c1nsn2)c1ccc(C(=O)O)cn1
3ed_4b_3ea,N(c1ccccc1)c1ccc(c2c1nsn2)c1ncc(C(=O)O)nc1
3ed_5b_1ea,N(c1ccccc1)c1c2nn(C)nc2c(cc1)c1ccc(/C=C(\C#N)/C(=O)O)cc1
3ed_5b_2ea,N(c1ccccc1)c1c2nn(C)nc2c(cc1)c1ccc(C(=O)O)cn1
3ed_5b_3ea,N(c1ccccc1)c1c2nn(C)nc2c(cc1)c1ncc(C(=O)O)nc1
3ed_6b_1ea,N(c1ccccc1)c1sc2c3c(cc(s3)c3ccc(C=C(C#N)C(=O)O)cc3)n(c2c1)c1ccccc1
3ed_6b_2ea,N(c1ccccc1)c1sc2c3c(cc(s3)c3ncc(C(=O)O)cc3)n(c2c1)c1ccccc1
3ed_6b_3ea,N(c1ccccc1)c1sc2c3c(cc(s3)c3ncc(C(=O)O)nc3)n(c2c1)c1ccccc1
3ed_7b_1ea,N(c1ccccc1)c1ccc(s1)c1ccc(/C=C(\C#N)/C(=O)O)cc1
3ed_7b_2ea,N(c1ccccc1)c1ccc(s1)c1ncc(C(=O)O)cc1
3ed_7b_3ea,N(c1ccccc1)c1ccc(s1)c1ncc(C(=O)O)nc1
3ed_8b_1ea,N(c1ccccc1)c1sc(c2cc(C(=O)OC)sc12)c1ccc(/C=C(\C#N)/C(=O)O)cc1
3ed_8b_2ea,N(c1ccccc1)c1sc(c2cc(C(=O)OC)sc12)c1ncc(C(=O)O)cc1
3ed_8b_3ea,N(c1ccccc1)c1sc(c2cc(C(=O)OC)sc12)c1ncc(C(=O)O)nc1
3ed_9b_1ea,N(c1ccccc1)c1c2c(cccc2)c(s1)c1ccc(/C=C(\C#N)/C(=O)O)cc1
3ed_9b_2ea,N(c1ccccc1)c1c2c(cccc2)c(s1)c1ncc(C(=O)O)cc1
3ed_9b_3ea,N(c1ccccc1)c1c2c(cccc2)c(s1)c1ncc(C(=O)O)nc1
5ed_10b_1ea,COc1ccc(N(c2ccc(OC)cc2)c2ccc(cc2)c2sc3c(n(CC)c4c3sc(c4)c3ccc(/C=C(\C#N)/C(=O)O)cc3)c2)cc1
5ed_10b_2ea,COc1ccc(N(c2ccc(OC)cc2)c2ccc(cc2)c2sc3c(n(CC)c4c3sc(c4)c3ncc(C(=O)O)cc3)c2)cc1
5ed_10b_3ea,COc1ccc(N(c2ccc(OC)cc2)c2ccc(cc2)c2sc3c(n(CC)c4c3sc(c4)c3ncc(C(=O)O)nc3)c2)cc1
5ed_11b_1ea,COc1ccc(N(c2ccc(OC)cc2)c2ccc(cc2)c2c3OCCOc3c(s2)c2ccc(/C=C(\C#N)/C(=O)O)cc2)cc1
5ed_11b_2ea,COc1ccc(N(c2ccc(OC)cc2)c2ccc(cc2)c2c3OCCOc3c(s2)c2ncc(C(=O)O)cc2)cc1
5ed_11b_3ea,COc1ccc(N(c2ccc(OC)cc2)c2ccc(cc2)c2c3OCCOc3c(s2)c2ncc(C(=O)O)nc2)cc1
5ed_12b_1ea,COc1ccc(N(c2ccc(OC)cc2)c2ccc(cc2)c2ccc(n2CC)c2ccc(/C=C(\C#N)/C(=O)O)cc2)cc1
5ed_12b_2ea,COc1ccc(N(c2ccc(OC)cc2)c2ccc(cc2)c2ccc(n2CC)c2ncc(C(=O)O)cc2)cc1
5ed_12b_3ea,COc1ccc(N(c2ccc(OC)cc2)c2ccc(cc2)c2ccc(n2CC)c2ncc(C(=O)O)nc2)cc1
5ed_13b_1ea,COc1ccc(N(c2ccc(OC)cc2)c2ccc(cc2)c2cc3c(cc(s3)c3ccc(/C=C(\C#N)/C(=O)O)cc3)s2)cc1
5ed_13b_2ea,COc1ccc(N(c2ccc(OC)cc2)c2ccc(cc2)c2cc3c(cc(s3)c3ncc(C(=O)O)cc3)s2)cc1
5ed_13b_3ea,COc1ccc(N(c2ccc(OC)cc2)c2ccc(cc2)c2cc3c(cc(s3)c3ncc(C(=O)O)nc3)s2)cc1
5ed_14b_1ea,COc1ccc(N(c2ccc(OC)cc2)c2ccc(cc2)c2c3c(nn(CC)n3)c(cc2)c2ccc(/C=C(\C#N)/C(=O)O)cc2)cc1
5ed_14b_2ea,COc1ccc(N(c2ccc(OC)cc2)c2ccc(cc2)c2c3c(nn(CC)n3)c(cc2)c2ncc(C(=O)O)cc2)cc1
5ed_14b_3ea,COc1ccc(N(c2ccc(OC)cc2)c2ccc(cc2)c2c3c(nn(CC)n3)c(cc2)c2ncc(C(=O)O)nc2)cc1
5ed_15b_1ea,COc1ccc(N(c2ccc(OC)cc2)c2ccc(cc2)c2ccc(c3nonc23)c2ccc(/C=C(\C#N)/C(=O)O)cc2)cc1
5ed_15b_3ea,COc1ccc(N(c2ccc(OC)cc2)c2ccc(cc2)c2ccc(c3nonc23)c2ncc(C(=O)O)nc2)cc1
5ed_16b_2ea,COc1ccc(N(c2ccc(OC)cc2)c2ccc(cc2)[C@H]2c3c(C(=[S]2)c2ncc(C(=O)O)cc2)nsn3)cc1
5ed_16b_3ea,COc1ccc(N(c2ccc(OC)cc2)c2ccc(cc2)[C@@H]2c3c(C(=[S]2)c2ncc(C(=O)O)nc2)nsn3)cc1
5ed_1b_2ea,COc1ccc(N(c2ccc(OC)cc2)c2ccc(cc2)c2c3c(c(s2)c2ncc(C(=O)O)cc2)nccn3)cc1
5ed_1b_3ea,COc1ccc(N(c2ccc(OC)cc2)c2ccc(cc2)c2c3c(c(s2)c2ncc(C(=O)O)nc2)nccn3)cc1
5ed_2b_1ea,COc1ccc(N(c2ccc(OC)cc2)c2ccc(cc2)c2ccc(c3ccc(s3)c3ccc(/C=C(\C#N)/C(=O)O)cc3)s2)cc1
5ed_2b_2ea,COc1ccc(N(c2ccc(OC)cc2)c2ccc(cc2)c2ccc(c3ccc(s3)c3ncc(C(=O)O)cc3)s2)cc1
5ed_2b_3ea,COc1ccc(N(c2ccc(OC)cc2)c2ccc(cc2)c2ccc(c3ccc(s3)c3ncc(C(=O)O)nc3)s2)cc1
5ed_3b_2ea,COc1ccc(N(c2ccc(OC)cc2)c2ccc(cc2)c2ccc(c3ccc(c4ccc(s4)c4ncc(C(=O)O)cc4)s3)s2)cc1
5ed_3b_3ea,COc1ccc(N(c2ccc(OC)cc2)c2ccc(cc2)c2ccc(c3ccc(c4ccc(s4)c4ncc(C(=O)O)nc4)s3)s2)cc1
5ed_4b_1ea,COc1ccc(N(c2ccc(OC)cc2)c2ccc(cc2)c2ccc(c3c2nsn3)c2ccc(/C=C(\C#N)/C(=O)O)cc2)cc1
5ed_4b_2ea,COc1ccc(N(c2ccc(OC)cc2)c2ccc(cc2)c2ccc(c3c2nsn3)c2ncc(C(=O)O)cc2)cc1
5ed_4b_3ea,COc1ccc(N(c2ccc(OC)cc2)c2ccc(cc2)c2ccc(c3c2nsn3)c2ncc(C(=O)O)nc2)cc1
5ed_5b_1ea,COc1ccc(N(c2ccc(OC)cc2)c2ccc(cc2)c2ccc(c3nn(C)nc23)c2ccc(/C=C(\C#N)/C(=O)O)cc2)cc1
5ed_5b_2ea,COc1ccc(N(c2ccc(OC)cc2)c2ccc(cc2)c2ccc(c3nn(C)nc23)c2ncc(C(=O)O)cc2)cc1
5ed_5b_3ea,COc1ccc(N(c2ccc(OC)cc2)c2ccc(cc2)c2ccc(c3nn(C)nc23)c2ncc(C(=O)O)nc2)cc1
5ed_6b_1ea,COc1ccc(N(c2ccc(OC)cc2)c2ccc(cc2)c2sc3c4c(cc(s4)c4ccc(C=C(C#N)C(=O)O)cc4)n(c3c2)c2ccccc2)cc1
5ed_6b_2ea,COc1ccc(N(c2ccc(OC)cc2)c2ccc(cc2)c2sc3c4c(cc(s4)c4ncc(C(=O)O)cc4)n(c3c2)c2ccccc2)cc1
5ed_6b_3ea,COc1ccc(N(c2ccc(OC)cc2)c2ccc(cc2)c2sc3c4c(cc(s4)c4ncc(C(=O)O)nc4)n(c3c2)c2ccccc2)cc1
5ed_7b_1ea,COc1ccc(N(c2ccc(OC)cc2)c2ccc(cc2)c2ccc(s2)c2ccc(/C=C(\C#N)/C(=O)O)cc2)cc1
5ed_7b_2ea,COc1ccc(N(c2ccc(OC)cc2)c2ccc(cc2)c2ccc(s2)c2ncc(C(=O)O)cc2)cc1
5ed_7b_3ea,COc1ccc(N(c2ccc(OC)cc2)c2ccc(cc2)c2ccc(s2)c2ncc(C(=O)O)nc2)cc1
5ed_8b_1ea,COc1ccc(N(c2ccc(OC)cc2)c2ccc(cc2)c2sc(c3cc(C(=O)OC)sc23)c2ccc(/C=C(\C#N)/C(=O)O)cc2)cc1
5ed_8b_2ea,COc1ccc(N(c2ccc(OC)cc2)c2ccc(cc2)c2sc(c3cc(C(=O)OC)sc23)c2ncc(C(=O)O)cc2)cc1
5ed_8b_3ea,COc1ccc(N(c2ccc(OC)cc2)c2ccc(cc2)c2sc(c3cc(C(=O)OC)sc23)c2ncc(C(=O)O)nc2)cc1
5ed_9b_1ea,COc1ccc(N(c2ccc(OC)cc2)c2ccc(cc2)c2c3c(cccc3)c(s2)c2ccc(/C=C(\C#N)/C(=O)O)cc2)cc1
5ed_9b_2ea,COc1ccc(N(c2ccc(OC)cc2)c2ccc(cc2)c2c3c(cccc3)c(s2)c2ncc(C(=O)O)cc2)cc1
5ed_9b_3ea,COc1ccc(N(c2ccc(OC)cc2)c2ccc(cc2)c2c3c(cccc3)c(s2)c2ncc(C(=O)O)nc2)cc1
6ed_10b_1ea,N(c1ccc(OC)cc1)(c1ccc(OC)cc1)c1sc2c(n(CC)c3c2sc(c3)c2ccc(/C=C(\C#N)/C(=O)O)cc2)c1
6ed_10b_2ea,N(c1ccc(OC)cc1)(c1ccc(OC)cc1)c1sc2c(n(CC)c3c2sc(c3)c2ncc(C(=O)O)cc2)c1
6ed_10b_3ea,N(c1ccc(OC)cc1)(c1ccc(OC)cc1)c1sc2c(n(CC)c3c2sc(c3)c2ncc(C(=O)O)nc2)c1
6ed_11b_1ea,N(c1ccc(OC)cc1)(c1ccc(OC)cc1)c1c2OCCOc2c(s1)c1ccc(/C=C(\C#N)/C(=O)O)cc1
6ed_11b_2ea,N(c1ccc(OC)cc1)(c1ccc(OC)cc1)c1c2OCCOc2c(s1)c1ncc(C(=O)O)cc1
6ed_11b_3ea,N(c1ccc(OC)cc1)(c1ccc(OC)cc1)c1c2OCCOc2c(s1)c1ncc(C(=O)O)nc1
6ed_12b_1ea,N(c1ccc(OC)cc1)(c1ccc(OC)cc1)c1ccc(n1CC)c1ccc(/C=C(\C#N)/C(=O)O)cc1
6ed_12b_3ea,N(c1ccc(OC)cc1)(c1ccc(OC)cc1)c1ccc(n1CC)c1ncc(C(=O)O)nc1
6ed_13b_1ea,N(c1ccc(OC)cc1)(c1ccc(OC)cc1)c1cc2c(cc(s2)c2ccc(/C=C(\C#N)/C(=O)O)cc2)s1
6ed_13b_2ea,N(c1ccc(OC)cc1)(c1ccc(OC)cc1)c1cc2c(cc(s2)c2ncc(C(=O)O)cc2)s1
6ed_13b_3ea,N(c1ccc(OC)cc1)(c1ccc(OC)cc1)c1cc2c(cc(s2)c2ncc(C(=O)O)nc2)s1
6ed_14b_1ea,N(c1ccc(OC)cc1)(c1ccc(OC)cc1)c1c2c(nn(CC)n2)c(cc1)c1ccc(/C=C(\C#N)/C(=O)O)cc1
6ed_14b_2ea,N(c1ccc(OC)cc1)(c1ccc(OC)cc1)c1c2c(nn(CC)n2)c(cc1)c1ncc(C(=O)O)cc1
6ed_14b_3ea,N(c1ccc(OC)cc1)(c1ccc(OC)cc1)c1c2c(nn(CC)n2)c(cc1)c1ncc(C(=O)O)nc1
6ed_15b_1ea,N(c1ccc(OC)cc1)(c1ccc(OC)cc1)c1ccc(c2nonc12)c1ccc(/C=C(\C#N)/C(=O)O)cc1
6ed_15b_3ea,N(c1ccc(OC)cc1)(c1ccc(OC)cc1)c1ccc(c2nonc12)c1ncc(C(=O)O)nc1
6ed_16b_1ea,N(c1ccc(OC)cc1)(c1ccc(OC)cc1)C1=[S][C@H](c2c1nsn2)c1ccc(C=C(C#N)C(=O)O)cc1
6ed_16b_2ea,N(c1ccc(OC)cc1)(c1ccc(OC)cc1)C1=[S][C@@H](c2c1nsn2)c1ncc(C(=O)O)cc1
6ed_16b_3ea,N(c1ccc(OC)cc1)(c1ccc(OC)cc1)C1=[S][C@H](c2c1nsn2)c1ncc(C(=O)O)nc1
6ed_1b_1ea,N(c1ccc(OC)cc1)(c1ccc(OC)cc1)c1c2c(c(s1)c1ccc(C=C(C#N)C(=O)O)cc1)nccn2
6ed_1b_2ea,N(c1ccc(OC)cc1)(c1ccc(OC)cc1)c1c2c(c(s1)c1ncc(C(=O)O)cc1)nccn2
6ed_1b_3ea,N(c1ccc(OC)cc1)(c1ccc(OC)cc1)c1c2c(c(s1)c1ncc(C(=O)O)nc1)nccn2
6ed_2b_1ea,N(c1ccc(OC)cc1)(c1ccc(OC)cc1)c1ccc(c2ccc(s2)c2ccc(/C=C(\C#N)/C(=O)O)cc2)s1
6ed_2b_2ea,N(c1ccc(OC)cc1)(c1ccc(OC)cc1)c1ccc(c2ccc(s2)c2ncc(C(=O)O)cc2)s1
6ed_2b_3ea,N(c1ccc(OC)cc1)(c1ccc(OC)cc1)c1ccc(c2ccc(s2)c2ncc(C(=O)O)nc2)s1
6ed_3b_1ea,N(c1ccc(OC)cc1)(c1ccc(OC)cc1)c1ccc(c2ccc(c3ccc(s3)c3ccc(/C=C(\C#N)/C(=O)O)cc3)s2)s1
6ed_3b_2ea,N(c1ccc(OC)cc1)(c1ccc(OC)cc1)c1ccc(c2ccc(c3ccc(s3)c3ncc(C(=O)O)cc3)s2)s1
6ed_3b_3ea,N(c1ccc(OC)cc1)(c1ccc(OC)cc1)c1ccc(c2ccc(c3ccc(s3)c3ncc(C(=O)O)nc3)s2)s1
6ed_4b_1ea,N(c1ccc(OC)cc1)(c1ccc(OC)cc1)c1ccc(c2c1nsn2)c1ccc(/C=C(\C#N)/C(=O)O)cc1
6ed_4b_2ea,N(c1ccc(OC)cc1)(c1ccc(OC)cc1)c1ccc(c2c1nsn2)c1ncc(C(=O)O)cc1
6ed_4b_3ea,N(c1ccc(OC)cc1)(c1ccc(OC)cc1)c1ccc(c2c1nsn2)c1ncc(C(=O)O)nc1
6ed_5b_2ea,N(c1ccc(OC)cc1)(c1ccc(OC)cc1)c1ccc(c2nn(C)nc12)c1ncc(C(=O)O)cc1
6ed_5b_3ea,N(c1ccc(OC)cc1)(c1ccc(OC)cc1)c1ccc(c2nn(C)nc12)c1ncc(C(=O)O)nc1
6ed_7b_1ea,N(c1ccc(OC)cc1)(c1ccc(OC)cc1)c1ccc(s1)c1ccc(/C=C(\C#N)/C(=O)O)cc1
6ed_7b_3ea,N(c1ccc(OC)cc1)(c1ccc(OC)cc1)c1ccc(s1)c1ncc(C(=O)O)nc1
6ed_8b_1ea,N(c1ccc(OC)cc1)(c1ccc(OC)cc1)c1sc(c2cc(C(=O)OC)sc12)c1ccc(/C=C(\C#N)/C(=O)O)cc1
6ed_8b_2ea,N(c1ccc(OC)cc1)(c1ccc(OC)cc1)c1sc(c2cc(C(=O)OC)sc12)c1ncc(C(=O)O)cc1
6ed_8b_3ea,N(c1ccc(OC)cc1)(c1ccc(OC)cc1)c1sc(c2cc(C(=O)OC)sc12)c1ncc(C(=O)O)nc1
6ed_9b_1ea,N(c1ccc(OC)cc1)(c1ccc(OC)cc1)c1c2c(cccc2)c(s1)c1ccc(/C=C(\C#N)/C(=O)O)cc1
6ed_9b_2ea,N(c1ccc(OC)cc1)(c1ccc(OC)cc1)c1c2c(cccc2)c(s1)c1ncc(C(=O)O)cc1
6ed_9b_3ea,N(c1ccc(OC)cc1)(c1ccc(OC)cc1)c1c2c(cccc2)c(s1)c1ncc(C(=O)O)nc1
7ed_10b_1ea,N(c1ccc(OC)cc1)c1sc2c(n(CC)c3c2sc(c3)c2ccc(/C=C(\C#N)/C(=O)O)cc2)c1
7ed_10b_2ea,N(c1ccc(OC)cc1)c1sc2c(n(CC)c3c2sc(c3)c2ncc(C(=O)O)cc2)c1
7ed_10b_3ea,N(c1ccc(OC)cc1)c1sc2c(n(CC)c3c2sc(c3)c2ncc(C(=O)O)nc2)c1
7ed_11b_1ea,N(c1ccc(OC)cc1)c1c2OCCOc2c(s1)c1ccc(/C=C(\C#N)/C(=O)O)cc1
7ed_11b_2ea,N(c1ccc(OC)cc1)c1c2OCCOc2c(s1)c1ncc(C(=O)O)cc1
7ed_12b_2ea,N(c1ccc(OC)cc1)c1ccc(n1CC)c1ncc(C(=O)O)cc1
7ed_12b_3ea,N(c1ccc(OC)cc1)c1ccc(n1CC)c1ncc(C(=O)O)nc1
7ed_13b_1ea,N(c1ccc(OC)cc1)c1cc2c(cc(s2)c2ccc(/C=C(\C#N)/C(=O)O)cc2)s1
7ed_13b_2ea,N(c1ccc(OC)cc1)c1cc2c(cc(s2)c2ncc(C(=O)O)cc2)s1
7ed_13b_3ea,N(c1ccc(OC)cc1)c1cc2c(cc(s2)c2ncc(C(=O)O)nc2)s1
7ed_14b_1ea,N(c1ccc(OC)cc1)c1c2c(nn(CC)n2)c(cc1)c1ccc(/C=C(\C#N)/C(=O)O)cc1
7ed_14b_2ea,N(c1ccc(OC)cc1)c1c2c(nn(CC)n2)c(cc1)c1ncc(C(=O)O)cc1
7ed_14b_3ea,N(c1ccc(OC)cc1)c1c2c(nn(CC)n2)c(cc1)c1ncc(C(=O)O)nc1
7ed_15b_1ea,N(c1ccc(OC)cc1)c1ccc(c2nonc12)c1ccc(/C=C(\C#N)/C(=O)O)cc1
7ed_15b_2ea,N(c1ccc(OC)cc1)c1ccc(c2nonc12)c1ncc(C(=O)O)cc1
7ed_15b_3ea,N(c1ccc(OC)cc1)c1ccc(c2nonc12)c1ncc(C(=O)O)nc1
7ed_16b_1ea,N(c1ccc(OC)cc1)C1=[S][C@@H](c2c1nsn2)c1ccc(C=C(C#N)C(=O)O)cc1
7ed_16b_2ea,N(c1ccc(OC)cc1)C1=[S][C@H](c2c1nsn2)c1ncc(C(=O)O)cc1
7ed_16b_3ea,N(c1ccc(OC)cc1)C1=[S][C@@H](c2c1nsn2)c1ncc(C(=O)O)nc1
7ed_1b_1ea,N(c1ccc(OC)cc1)c1c2c(c(s1)c1ccc(C=C(C#N)C(=O)O)cc1)nccn2
7ed_1b_2ea,N(c1ccc(OC)cc1)c1c2c(c(s1)c1ncc(C(=O)O)cc1)nccn2
7ed_1b_3ea,N(c1ccc(OC)cc1)c1c2c(c(s1)c1ncc(C(=O)O)nc1)nccn2
7ed_2b_1ea,N(c1ccc(OC)cc1)c1ccc(c2ccc(s2)c2ccc(/C=C(\C#N)/C(=O)O)cc2)s1
7ed_2b_2ea,N(c1ccc(OC)cc1)c1ccc(c2ccc(s2)c2ncc(C(=O)O)cc2)s1
7ed_2b_3ea,N(c1ccc(OC)cc1)c1ccc(c2ccc(s2)c2ncc(C(=O)O)nc2)s1
7ed_3b_1ea,N(c1ccc(OC)cc1)c1ccc(c2ccc(c3ccc(s3)c3ccc(/C=C(\C#N)/C(=O)O)cc3)s2)s1
7ed_3b_3ea,N(c1ccc(OC)cc1)c1ccc(c2ccc(c3ccc(s3)c3ncc(C(=O)O)nc3)s2)s1
7ed_4b_1ea,N(c1ccc(OC)cc1)c1ccc(c2c1nsn2)c1ccc(/C=C(\C#N)/C(=O)O)cc1
7ed_4b_2ea,N(c1ccc(OC)cc1)c1ccc(c2c1nsn2)c1ncc(C(=O)O)cc1
7ed_4b_3ea,N(c1ccc(OC)cc1)c1ccc(c2c1nsn2)c1ncc(C(=O)O)nc1
7ed_5b_1ea,N(c1ccc(OC)cc1)c1ccc(c2nn(C)nc12)c1ccc(/C=C(\C#N)/C(=O)O)cc1
7ed_5b_3ea,N(c1ccc(OC)cc1)c1ccc(c2nn(C)nc12)c1ncc(C(=O)O)nc1
7ed_6b_1ea,N(c1ccc(OC)cc1)c1sc2c3c(cc(s3)c3ccc(C=C(C#N)C(=O)O)cc3)n(c2c1)c1ccccc1
7ed_6b_2ea,N(c1ccc(OC)cc1)c1sc2c3c(cc(s3)c3ncc(C(=O)O)cc3)n(c2c1)c1ccccc1
7ed_6b_3ea,N(c1ccc(OC)cc1)c1sc2c3c(cc(s3)c3ncc(C(=O)O)nc3)n(c2c1)c1ccccc1
7ed_7b_1ea,N(c1ccc(OC)cc1)c1ccc(s1)c1ccc(/C=C(\C#N)/C(=O)O)cc1
7ed_7b_2ea,N(c1ccc(OC)cc1)c1ccc(s1)c1ncc(C(=O)O)cc1
7ed_7b_3ea,N(c1ccc(OC)cc1)c1ccc(s1)c1ncc(C(=O)O)nc1
7ed_8b_1ea,N(c1ccc(OC)cc1)c1sc(c2cc(C(=O)OC)sc12)c1ccc(/C=C(\C#N)/C(=O)O)cc1
7ed_8b_2ea,N(c1ccc(OC)cc1)c1sc(c2cc(C(=O)OC)sc12)c1ncc(C(=O)O)cc1
7ed_8b_3ea,N(c1ccc(OC)cc1)c1sc(c2cc(C(=O)OC)sc12)c1ncc(C(=O)O)nc1
7ed_9b_1ea,N(c1ccc(OC)cc1)c1c2c(cccc2)c(s1)c1ccc(/C=C(\C#N)/C(=O)O)cc1
7ed_9b_2ea,N(c1ccc(OC)cc1)c1c2c(cccc2)c(s1)c1ncc(C(=O)O)cc1
7ed_9b_3ea,N(c1ccc(OC)cc1)c1c2c(cccc2)c(s1)c1ncc(C(=O)O)nc1
TPA2_10b_1ea,COc1ccc(cc1)N(c1cccc(OC)c1)c1ccc(cc1)c1sc2c(n(CC)c3c2sc(c3)c2ccc(/C=C(\C#N)/C(=O)O)cc2)c1
TPA2_10b_2ea,COc1ccc(cc1)N(c1cccc(OC)c1)c1ccc(cc1)c1sc2c(n(CC)c3c2sc(c3)c2ncc(C(=O)O)cc2)c1
TPA2_10b_3ea,COc1ccc(cc1)N(c1cccc(OC)c1)c1ccc(cc1)c1sc2c(n(CC)c3c2sc(c3)c2ncc(C(=O)O)nc2)c1
TPA2_11b_1ea,COc1ccc(cc1)N(c1cccc(OC)c1)c1ccc(cc1)c1c2OCCOc2c(s1)c1ccc(/C=C(\C#N)/C(=O)O)cc1
TPA2_11b_2ea,COc1ccc(cc1)N(c1cccc(OC)c1)c1ccc(cc1)c1c2OCCOc2c(s1)c1ncc(C(=O)O)cc1
TPA2_11b_3ea,COc1ccc(cc1)N(c1cccc(OC)c1)c1ccc(cc1)c1c2OCCOc2c(s1)c1ncc(C(=O)O)nc1
TPA2_12b_1ea,COc1ccc(cc1)N(c1cccc(OC)c1)c1ccc(cc1)c1ccc(n1CC)c1ccc(/C=C(\C#N)/C(=O)O)cc1
TPA2_12b_2ea,COc1ccc(cc1)N(c1cccc(OC)c1)c1ccc(cc1)c1ccc(n1CC)c1ncc(C(=O)O)cc1
TPA2_12b_3ea,COc1ccc(cc1)N(c1cccc(OC)c1)c1ccc(cc1)c1ccc(n1CC)c1ncc(C(=O)O)nc1
TPA2_13b_1ea,COc1ccc(cc1)N(c1cccc(OC)c1)c1ccc(cc1)c1cc2c(cc(s2)c2ccc(/C=C(\C#N)/C(=O)O)cc2)s1
TPA2_13b_2ea,COc1ccc(cc1)N(c1cccc(OC)c1)c1ccc(cc1)c1cc2c(cc(s2)c2ncc(C(=O)O)cc2)s1
TPA2_13b_3ea,COc1ccc(cc1)N(c1cccc(OC)c1)c1ccc(cc1)c1cc2c(cc(s2)c2ncc(C(=O)O)nc2)s1
TPA2_14b_1ea,COc1ccc(cc1)N(c1cccc(OC)c1)c1ccc(cc1)c1c2c(nn(CC)n2)c(cc1)c1ccc(/C=C(\C#N)/C(=O)O)cc1
TPA2_14b_2ea,COc1ccc(cc1)N(c1cccc(OC)c1)c1ccc(cc1)c1c2c(nn(CC)n2)c(cc1)c1ncc(C(=O)O)cc1
TPA2_14b_3ea,COc1ccc(cc1)N(c1cccc(OC)c1)c1ccc(cc1)c1c2c(nn(CC)n2)c(cc1)c1ncc(C(=O)O)nc1
TPA2_15b_1ea,COc1ccc(cc1)N(c1cccc(OC)c1)c1ccc(cc1)c1ccc(c2nonc12)c1ccc(/C=C(\C#N)/C(=O)O)cc1
TPA2_15b_2ea,COc1ccc(cc1)N(c1cccc(OC)c1)c1ccc(cc1)c1ccc(c2nonc12)c1ncc(C(=O)O)cc1
TPA2_15b_3ea,COc1ccc(cc1)N(c1cccc(OC)c1)c1ccc(cc1)c1ccc(c2nonc12)c1ncc(C(=O)O)nc1
TPA2_16b_1ea,COc1ccc(cc1)N(c1cccc(OC)c1)c1ccc(cc1)c1c2c(c(s1)c1ccc(/C=C(\C#N)/C(=O)O)cc1)N([N]2)[S]
TPA2_16b_2ea,COc1ccc(cc1)N(c1cccc(OC)c1)c1ccc(cc1)C1=C2C(=NS[N]2)[C](S1)c1ncc(C(=O)O)cc1
TPA2_16b_3ea,COc1ccc(cc1)N(c1cccc(OC)c1)c1ccc(cc1)C1=C2C(=NS[N]2)[C](S1)c1ncc(C(=O)O)nc1
TPA2_1b_1ea,COc1ccc(N(c2ccc(cc2)c2c3nccnc3c(s2)c2ccc(/C=C(\C#N)/C(=O)O)cc2)c2ccc(OC)cc2)cc1
TPA2_1b_2ea,COc1ccc(N(c2ccc(cc2)c2c3nccnc3c(s2)c2ccc(C(=O)O)cn2)c2ccc(OC)cc2)cc1
TPA2_1b_3ea,COc1ccc(N(c2ccc(cc2)c2c3nccnc3c(s2)c2ncc(C(=O)O)nc2)c2ccc(OC)cc2)cc1
TPA2_2b_1ea,COc1ccc(N(c2ccc(cc2)c2ccc(s2)c2ccc(s2)c2ccc(/C=C(\C#N)/C(=O)O)cc2)c2ccc(OC)cc2)cc1
TPA2_2b_2ea,COc1ccc(N(c2ccc(cc2)c2ccc(s2)c2ccc(s2)c2ccc(C(=O)O)cn2)c2ccc(OC)cc2)cc1
TPA2_2b_3ea,COc1ccc(N(c2ccc(cc2)c2ccc(s2)c2ccc(s2)c2ncc(C(=O)O)nc2)c2ccc(OC)cc2)cc1
TPA2_3b_1ea,COc1ccc(N(c2ccc(cc2)c2ccc(s2)c2ccc(c3ccc(s3)c3ccc(/C=C(\C#N)/C(=O)O)cc3)s2)c2ccc(OC)cc2)cc1
TPA2_3b_2ea,COc1ccc(N(c2ccc(cc2)c2ccc(s2)c2ccc(c3ccc(s3)c3ccc(C(=O)O)cn3)s2)c2ccc(OC)cc2)cc1
TPA2_3b_3ea,COc1ccc(N(c2ccc(cc2)c2ccc(s2)c2ccc(c3ccc(s3)c3ncc(C(=O)O)nc3)s2)c2ccc(OC)cc2)cc1
TPA2_4b_1ea,COc1ccc(N(c2ccc(cc2)c2ccc(c3c2nsn3)c2ccc(/C=C(\C#N)/C(=O)O)cc2)c2ccc(OC)cc2)cc1
TPA2_4b_2ea,COc1ccc(N(c2ccc(cc2)c2ccc(c3c2nsn3)c2ccc(C(=O)O)cn2)c2ccc(OC)cc2)cc1
TPA2_4b_3ea,COc1ccc(N(c2ccc(cc2)c2ccc(c3c2nsn3)c2ncc(C(=O)O)nc2)c2ccc(OC)cc2)cc1
TPA2_5b_1ea,COc1ccc(N(c2ccc(cc2)c2c3nn(C)nc3c(cc2)c2ccc(/C=C(\C#N)/C(=O)O)cc2)c2ccc(OC)cc2)cc1
TPA2_5b_2ea,COc1ccc(N(c2ccc(cc2)c2c3nn(C)nc3c(cc2)c2ccc(C(=O)O)cn2)c2ccc(OC)cc2)cc1
TPA2_5b_3ea,COc1ccc(N(c2ccc(cc2)c2c3nn(C)nc3c(cc2)c2ncc(C(=O)O)nc2)c2ccc(OC)cc2)cc1
TPA2_6b_1ea,COc1ccc(cc1)N(c1cccc(OC)c1)c1ccc(cc1)c1sc2c3c(cc(s3)c3ccc(/C=C(\C#N)/C(=O)O)cc3)n(c2c1)c1ccccc1
TPA2_6b_2ea,COc1ccc(cc1)N(c1cccc(OC)c1)c1ccc(cc1)c1sc2c3c(cc(s3)c3ncc(C(=O)O)cc3)n(c2c1)c1ccccc1
TPA2_6b_3ea,COc1ccc(cc1)N(c1cccc(OC)c1)c1ccc(cc1)c1sc2c3c(cc(s3)c3ncc(C(=O)O)nc3)n(c2c1)c1ccccc1
TPA2_7b_1ea,COc1ccc(cc1)N(c1cccc(OC)c1)c1ccc(cc1)c1ccc(s1)c1ccc(/C=C(\C#N)/C(=O)O)cc1
TPA2_7b_2ea,COc1ccc(cc1)N(c1cccc(OC)c1)c1ccc(cc1)c1ccc(s1)c1ncc(C(=O)O)cc1
TPA2_7b_3ea,COc1ccc(cc1)N(c1cccc(OC)c1)c1ccc(cc1)c1ccc(s1)c1ncc(C(=O)O)nc1
TPA2_8b_1ea,COc1ccc(cc1)N(c1cccc(OC)c1)c1ccc(cc1)c1sc(c2cc(C(=O)OC)sc12)c1ccc(/C=C(\C#N)/C(=O)O)cc1
TPA2_8b_2ea,COc1ccc(cc1)N(c1cccc(OC)c1)c1ccc(cc1)c1sc(c2cc(C(=O)OC)sc12)c1ncc(C(=O)O)cc1
TPA2_8b_3ea,COc1ccc(cc1)N(c1cccc(OC)c1)c1ccc(cc1)c1sc(c2cc(C(=O)OC)sc12)c1ncc(C(=O)O)nc1
TPA2_9b_1ea,COc1ccc(cc1)N(c1cccc(OC)c1)c1ccc(cc1)c1c2c(cccc2)c(s1)c1ccc(/C=C(\C#N)/C(=O)O)cc1
TPA2_9b_2ea,COc1ccc(cc1)N(c1cccc(OC)c1)c1ccc(cc1)c1c2c(cccc2)c(s1)c1ncc(C(=O)O)cc1
TPA2_9b_3ea,COc1ccc(cc1)N(c1cccc(OC)c1)c1ccc(cc1)c1c2c(cccc2)c(s1)c1ncc(C(=O)O)nc1
1ed_12b_1ea,c1(ccc(cc1)N(c1ccccc1)c1ccccc1)c1ccc(n1CC)c1ccc(/C=C(\C#N)/C(=O)O)cc1
2ed_12b_3ea,N(c1ccccc1)(c1ccccc1)c1ccc(n1CC)c1ncc(C(=O)O)nc1
2ed_9b_3ea,N(c1ccccc1)(c1ccccc1)c1c2c(cccc2)c(s1)c1ncc(C(=O)O)nc1
3ed_10b_2ea,N(c1ccccc1)c1sc2c(n(CC)c3c2sc(c3)c2ncc(C(=O)O)cc2)c1
3ed_14b_3ea,N(c1ccccc1)c1c2c(nn(CC)n2)c(cc1)c1ncc(C(=O)O)nc1
5ed_15b_2ea,COc1ccc(N(c2ccc(OC)cc2)c2ccc(cc2)c2ccc(c3nonc23)c2ncc(C(=O)O)cc2)cc1
6ed_15b_2ea,N(c1ccc(OC)cc1)(c1ccc(OC)cc1)c1ccc(c2nonc12)c1ncc(C(=O)O)cc1
6ed_5b_1ea,N(c1ccc(OC)cc1)(c1ccc(OC)cc1)c1ccc(c2nn(C)nc12)c1ccc(/C=C(\C#N)/C(=O)O)cc1
6ed_7b_2ea,N(c1ccc(OC)cc1)(c1ccc(OC)cc1)c1ccc(s1)c1ncc(C(=O)O)cc1
7ed_11b_3ea,N(c1ccc(OC)cc1)c1c2OCCOc2c(s1)c1ncc(C(=O)O)nc1
7ed_3b_2ea,N(c1ccc(OC)cc1)c1ccc(c2ccc(c3ccc(s3)c3ncc(C(=O)O)cc3)s2)s1
7ed_5b_2ea,N(c1ccc(OC)cc1)c1ccc(c2nn(C)nc12)c1ncc(C(=O)O)cc1
5ed_16b_1ea,COc1ccc(N(c2ccc(OC)cc2)c2ccc(cc2)[C@H]2c3c(C(=[S]2)c2ccc(C=C(C#N)C(=O)O)cc2)nsn3)cc1
5ed_3b_1ea,COc1ccc(N(c2ccc(OC)cc2)c2ccc(cc2)c2ccc(c3ccc(c4ccc(s4)c4ccc(/C=C(\C#N)/C(=O)O)cc4)s3)s2)cc1
6ed_12b_2ea,N(c1ccc(OC)cc1)(c1ccc(OC)cc1)c1ccc(n1CC)c1ncc(C(=O)O)cc1
7ed_12b_1ea,N(c1ccc(OC)cc1)c1ccc(n1CC)c1ccc(/C=C(\C#N)/C(=O)O)cc1
7ed_21b_6ea,N(c1ccc(OC)cc1)c1ncc(c2nc(c3ccc(OC)cc3)c(nc12)c1ccc(OC)cc1)c1ccc(C(=O)O)cc1
7ed_21b_3ea,N(c1ccc(OC)cc1)c1ncc(c2nc(c3ccc(OC)cc3)c(nc12)c1ccc(OC)cc1)c1ncc(C(=O)O)nc1
7ed_21b_8ea,N(c1ccc(OC)cc1)c1ncc(c2nc(c3ccc(OC)cc3)c(nc12)c1ccc(OC)cc1)C=C(C#N)C(=O)O
7ed_21b_11ea,N(c1ccc(OC)cc1)c1ncc(c2nc(c3ccc(OC)cc3)c(nc12)c1ccc(OC)cc1)C#Cc1cc(c(C(=O)O)cc1)O
7ed_21b_5ea,N(c1ccc(OC)cc1)c1ncc(c2nc(c3ccc(OC)cc3)c(nc12)c1ccc(OC)cc1)C1=CC=C(C(=O)O)C1
7ed_21b_2ea,N(c1ccc(OC)cc1)c1ncc(c2nc(c3ccc(OC)cc3)c(nc12)c1ccc(OC)cc1)c1ncc(C(=O)O)cc1
7ed_21b_7ea,N(c1ccc(OC)cc1)c1ncc(c2nc(c3ccc(OC)cc3)c(nc12)c1ccc(OC)cc1)c1ccc([Si](OC)(OC)OC)cc1
7ed_21b_4ea,N(c1ccc(OC)cc1)c1ncc(c2nc(c3ccc(OC)cc3)c(nc12)c1ccc(OC)cc1)c1ccc(C=C(C(=O)O)C#N)s1
7ed_21b_10ea,N(c1ccc(OC)cc1)c1ncc(c2nc(c3ccc(OC)cc3)c(nc12)c1ccc(OC)cc1)C#Cc1ccc(C(=O)NO)cc1
7ed_21b_1ea,N(c1ccc(OC)cc1)c1ncc(c2nc(c3ccc(OC)cc3)c(nc12)c1ccc(OC)cc1)c1ccc(C=C(C#N)C(=O)O)cc1
7ed_20b_6ea,N(c1ccc(OC)cc1)c1c2nc(CC)c(nc2c(s1)c1ccc(C(=O)O)cc1)CC
7ed_20b_3ea,N(c1ccc(OC)cc1)c1c2nc(CC)c(nc2c(s1)c1ncc(C(=O)O)nc1)CC
7ed_20b_8ea,N(c1ccc(OC)cc1)c1c2nc(CC)c(nc2c(s1)C=C(C#N)C(=O)O)CC
7ed_20b_11ea,N(c1ccc(OC)cc1)c1c2nc(CC)c(nc2c(s1)C#Cc1cc(c(C(=O)O)cc1)O)CC
7ed_20b_5ea,N(c1ccc(OC)cc1)c1c2nc(CC)c(nc2c(s1)C1=CC=C(C(=O)O)C1)CC
7ed_20b_2ea,N(c1ccc(OC)cc1)c1c2nc(CC)c(nc2c(s1)c1ncc(C(=O)O)cc1)CC
7ed_20b_7ea,N(c1ccc(OC)cc1)c1c2nc(CC)c(nc2c(s1)c1ccc([Si](OC)(OC)OC)cc1)CC
7ed_20b_4ea,N(c1ccc(OC)cc1)c1c2nc(CC)c(nc2c(s1)c1ccc(C=C(C(=O)O)C#N)s1)CC
7ed_20b_10ea,N(c1ccc(OC)cc1)c1c2nc(CC)c(nc2c(s1)C#Cc1ccc(C(=O)NO)cc1)CC
7ed_20b_9ea,N(c1ccc(OC)cc1)c1c2nc(CC)c(nc2c(s1)C#CC1=C[CH][C](C(=O)[CH][CH]1)O)CC
7ed_20b_1ea,N(c1ccc(OC)cc1)c1c2nc(CC)c(nc2c(s1)c1ccc(C=C(C#N)C(=O)O)cc1)CC
7ed_6b_6ea,N(c1ccc(OC)cc1)c1sc2c3c(cc(s3)c3ccc(C(=O)O)cc3)n(c2c1)c1ccccc1
7ed_6b_8ea,N(c1ccc(OC)cc1)c1sc2c3c(cc(s3)C=C(C#N)C(=O)O)n(c2c1)c1ccccc1
7ed_6b_11ea,N(c1ccc(OC)cc1)c1sc2c3c(cc(s3)C#Cc3cc(c(C(=O)O)cc3)O)n(c2c1)c1ccccc1
7ed_6b_5ea,N(c1ccc(OC)cc1)c1sc2c3c(cc(s3)C3=CC=C(C(=O)O)C3)n(c2c1)c1ccccc1
7ed_6b_7ea,N(c1ccc(OC)cc1)c1sc2c3c(cc(s3)c3ccc([Si](OC)(OC)OC)cc3)n(c2c1)c1ccccc1
7ed_6b_4ea,N(c1ccc(OC)cc1)c1sc2c3c(cc(s3)c3ccc(C=C(C(=O)O)C#N)s3)n(c2c1)c1ccccc1
7ed_6b_10ea,N(c1ccc(OC)cc1)c1sc2c3c(cc(s3)C#Cc3ccc(C(=O)NO)cc3)n(c2c1)c1ccccc1
7ed_6b_9ea,N(c1ccc(OC)cc1)c1sc2c3c(cc(s3)C#CC3=CC=C(C(=O)[CH][CH]3)O)n(c2c1)c1ccccc1
7ed_26b_6ea,N(c1ccc(OC)cc1)c1c2cccc3[C@@](c4ccc(C)cc4)(c4c(sc5c4sc4c5[C@@](c5ccc(C)cc5)(c5ccc(C)cc5)c5c6c4c4ccccc4c(c6ccc5)c4ccc(C(=O)O)cc4)c(c4c1cccc4)c23)c1ccc(C)cc1
7ed_26b_3ea,N(c1ccc(OC)cc1)c1c2cccc3[C@@](c4ccc(C)cc4)(c4c(sc5c4sc4c5[C@@](c5ccc(C)cc5)(c5ccc(C)cc5)c5c6c4c4ccccc4c(c6ccc5)c4ncc(C(=O)O)nc4)c(c4c1cccc4)c23)c1ccc(C)cc1
7ed_26b_8ea,N(c1ccc(OC)cc1)c1c2cccc3[C@@](c4ccc(C)cc4)(c4c(sc5c4sc4c5[C@@](c5ccc(C)cc5)(c5ccc(C)cc5)c5c6c4c4ccccc4c(c6ccc5)C=C(C#N)C(=O)O)c(c4c1cccc4)c23)c1ccc(C)cc1
7ed_26b_11ea,N(c1ccc(OC)cc1)c1c2cccc3[C@@](c4ccc(C)cc4)(c4c(sc5c4sc4c5[C@@](c5ccc(C)cc5)(c5ccc(C)cc5)c5c6c4c4ccccc4c(c6ccc5)C#Cc4cc(c(C(=O)O)cc4)O)c(c4c1cccc4)c23)c1ccc(C)cc1
7ed_26b_5ea,N(c1ccc(OC)cc1)c1c2cccc3[C@@](c4ccc(C)cc4)(c4c(sc5c4sc4c5[C@@](c5ccc(C)cc5)(c5ccc(C)cc5)c5c6c4c4ccccc4c(c6ccc5)C4=CC=C(C(=O)O)C4)c(c4c1cccc4)c23)c1ccc(C)cc1
7ed_26b_2ea,N(c1ccc(OC)cc1)c1c2cccc3[C@@](c4ccc(C)cc4)(c4c(sc5c4sc4c5[C@@](c5ccc(C)cc5)(c5ccc(C)cc5)c5c6c4c4ccccc4c(c6ccc5)c4ncc(C(=O)O)cc4)c(c4c1cccc4)c23)c1ccc(C)cc1
7ed_26b_7ea,N(c1ccc(OC)cc1)c1c2cccc3[C@@](c4ccc(C)cc4)(c4c(sc5c4sc4c5[C@@](c5ccc(C)cc5)(c5ccc(C)cc5)c5c6c4c4ccccc4c(c6ccc5)c4ccc([Si](OC)(OC)OC)cc4)c(c4c1cccc4)c23)c1ccc(C)cc1
7ed_26b_4ea,N(c1ccc(OC)cc1)c1c2cccc3[C@@](c4ccc(C)cc4)(c4c(sc5c4sc4c5[C@@](c5ccc(C)cc5)(c5ccc(C)cc5)c5c6c4c4ccccc4c(c6ccc5)c4ccc(C=C(C(=O)O)C#N)s4)c(c4c1cccc4)c23)c1ccc(C)cc1
7ed_26b_10ea,N(c1ccc(OC)cc1)c1c2cccc3[C@@](c4ccc(C)cc4)(c4c(sc5c4sc4c5[C@@](c5ccc(C)cc5)(c5ccc(C)cc5)c5c6c4c4ccccc4c(c6ccc5)C#Cc4ccc(C(=O)NO)cc4)c(c4c1cccc4)c23)c1ccc(C)cc1
7ed_26b_9ea,N(c1ccc(OC)cc1)c1c2cccc3[C@@](c4ccc(C)cc4)(c4c(sc5c4sc4c5[C@@](c5ccc(C)cc5)(c5ccc(C)cc5)c5c6c4c4ccccc4c(c6ccc5)C#CC4=C[CH][C](C(=O)[CH][CH]4)O)c(c4c1cccc4)c23)c1ccc(C)cc1
7ed_26b_1ea,N(c1ccc(OC)cc1)c1c2cccc3[C@@](c4ccc(C)cc4)(c4c(sc5c4sc4c5[C@@](c5ccc(C)cc5)(c5ccc(C)cc5)c5c6c4c4ccccc4c(c6ccc5)c4ccc(C=C(C#N)C(=O)O)cc4)c(c4c1cccc4)c23)c1ccc(C)cc1
7ed_25b_6ea,N(c1ccc(OC)cc1)C#Cc1cc(c(c2sc3c(sc4cc(c5c(C)cc(s5)c5ccc(C(=O)O)cc5)sc34)c2)s1)C
7ed_25b_3ea,N(c1ccc(OC)cc1)C#Cc1cc(c(c2sc3c(sc4cc(c5c(C)cc(s5)c5ncc(C(=O)O)nc5)sc34)c2)s1)C
7ed_25b_8ea,N(c1ccc(OC)cc1)C#Cc1cc(c(c2sc3c(sc4cc(c5c(C)cc(s5)C=C(C#N)C(=O)O)sc34)c2)s1)C
7ed_25b_5ea,N(c1ccc(OC)cc1)C#Cc1cc(c(c2sc3c(sc4cc(c5c(C)cc(s5)C5=CC=C(C(=O)O)C5)sc34)c2)s1)C
7ed_25b_2ea,N(c1ccc(OC)cc1)C#Cc1cc(c(c2sc3c(sc4cc(c5c(C)cc(s5)c5ncc(C(=O)O)cc5)sc34)c2)s1)C
7ed_25b_7ea,N(c1ccc(OC)cc1)C#Cc1cc(c(c2sc3c(sc4cc(c5c(C)cc(s5)c5ccc([Si](OC)(OC)OC)cc5)sc34)c2)s1)C
7ed_25b_4ea,N(c1ccc(OC)cc1)C#Cc1cc(c(c2sc3c(sc4cc(c5c(C)cc(s5)c5ccc(C=C(C(=O)O)C#N)s5)sc34)c2)s1)C
7ed_25b_10ea,N(c1ccc(OC)cc1)C#Cc1cc(c(c2sc3c(sc4cc(c5c(C)cc(s5)C#Cc5ccc(C(=O)NO)cc5)sc34)c2)s1)C
7ed_25b_9ea,N(c1ccc(OC)cc1)C#Cc1cc(c(c2sc3c(sc4cc(c5c(C)cc(s5)C#CC5=CC=C(C(=O)[CH][CH]5)O)sc34)c2)s1)C
7ed_25b_1ea,N(c1ccc(OC)cc1)C#Cc1cc(c(c2sc3c(sc4cc(c5c(C)cc(s5)c5ccc(C=C(C#N)C(=O)O)cc5)sc34)c2)s1)C
7ed_24b_6ea,N(c1ccc(OC)cc1)c1sc2c3sc4c(C)c(c5ccc(s5)c5ccc(C(=O)O)cc5)sc4c3sc2c1C
7ed_24b_3ea,N(c1ccc(OC)cc1)c1sc2c3sc4c(C)c(c5ccc(s5)c5ncc(C(=O)O)nc5)sc4c3sc2c1C
7ed_24b_8ea,N(c1ccc(OC)cc1)c1sc2c3sc4c(C)c(c5ccc(s5)C=C(C#N)C(=O)O)sc4c3sc2c1C
7ed_24b_11ea,N(c1ccc(OC)cc1)c1sc2c3sc4c(C)c(c5ccc(s5)C#Cc5cc(c(C(=O)O)cc5)O)sc4c3sc2c1C
7ed_24b_5ea,N(c1ccc(OC)cc1)c1sc2c3sc4c(C)c(c5ccc(s5)C5=CC=C(C(=O)O)C5)sc4c3sc2c1C
7ed_24b_2ea,N(c1ccc(OC)cc1)c1sc2c3sc4c(C)c(c5ccc(s5)c5ncc(C(=O)O)cc5)sc4c3sc2c1C
7ed_24b_7ea,N(c1ccc(OC)cc1)c1sc2c3sc4c(C)c(c5ccc(s5)c5ccc([Si](OC)(OC)OC)cc5)sc4c3sc2c1C
7ed_24b_4ea,N(c1ccc(OC)cc1)c1sc2c3sc4c(C)c(c5ccc(s5)c5ccc(C=C(C(=O)O)C#N)s5)sc4c3sc2c1C
7ed_24b_10ea,N(c1ccc(OC)cc1)c1sc2c3sc4c(C)c(c5ccc(s5)C#Cc5ccc(C(=O)NO)cc5)sc4c3sc2c1C
7ed_24b_9ea,N(c1ccc(OC)cc1)c1sc2c3sc4c(C)c(c5ccc(s5)C#CC5=CC=C(C(=O)[CH][CH]5)O)sc4c3sc2c1C
7ed_24b_1ea,N(c1ccc(OC)cc1)c1sc2c3sc4c(C)c(c5ccc(s5)c5ccc(C=C(C#N)C(=O)O)cc5)sc4c3sc2c1C
7ed_1b_6ea,N(c1ccc(OC)cc1)c1c2c(c(s1)c1ccc(C(=O)O)cc1)nccn2
7ed_1b_8ea,N(c1ccc(OC)cc1)c1c2c(c(s1)C=C(C#N)C(=O)O)nccn2
7ed_1b_11ea,N(c1ccc(OC)cc1)c1c2c(c(s1)C#Cc1cc(c(C(=O)O)cc1)O)nccn2
7ed_1b_5ea,N(c1ccc(OC)cc1)c1c2c(c(s1)C1=CC=C(C(=O)O)C1)nccn2
7ed_1b_7ea,N(c1ccc(OC)cc1)c1c2c(c(s1)c1ccc([Si](OC)(OC)OC)cc1)nccn2
7ed_1b_4ea,N(c1ccc(OC)cc1)c1c2c(c(s1)c1ccc(C=C(C(=O)O)C#N)s1)nccn2
7ed_1b_10ea,N(c1ccc(OC)cc1)c1c2c(c(s1)C#Cc1ccc(C(=O)NO)cc1)nccn2
7ed_1b_9ea,N(c1ccc(OC)cc1)c1c2c(c(s1)C#CC1=C[CH][C](C(=O)[CH][CH]1)O)nccn2
7ed_23b_6ea,N(c1ccc(OC)cc1)c1cc2n(C)c3c(ccc(c3)c3ccc(C(=O)O)cc3)c2s1
7ed_23b_3ea,N(c1ccc(OC)cc1)c1cc2n(C)c3c(ccc(c3)c3ncc(C(=O)O)nc3)c2s1
7ed_23b_8ea,N(c1ccc(OC)cc1)c1cc2n(C)c3c(ccc(c3)C=C(C#N)C(=O)O)c2s1
7ed_23b_11ea,N(c1ccc(OC)cc1)c1cc2n(C)c3c(ccc(c3)C#Cc3cc(c(C(=O)O)cc3)O)c2s1
7ed_23b_5ea,N(c1ccc(OC)cc1)c1cc2n(C)c3c(ccc(c3)C3=CC=C(C(=O)O)C3)c2s1
7ed_23b_2ea,N(c1ccc(OC)cc1)c1cc2n(C)c3c(ccc(c3)c3ncc(C(=O)O)cc3)c2s1
7ed_23b_7ea,N(c1ccc(OC)cc1)c1cc2n(C)c3c(ccc(c3)c3ccc([Si](OC)(OC)OC)cc3)c2s1
7ed_23b_4ea,N(c1ccc(OC)cc1)c1cc2n(C)c3c(ccc(c3)c3ccc(C=C(C(=O)O)C#N)s3)c2s1
7ed_23b_10ea,N(c1ccc(OC)cc1)c1cc2n(C)c3c(ccc(c3)C#Cc3ccc(C(=O)NO)cc3)c2s1
7ed_23b_1ea,N(c1ccc(OC)cc1)c1cc2n(C)c3c(ccc(c3)c3ccc(C=C(C#N)C(=O)O)cc3)c2s1
7ed_17b_6ea,N(c1ccc(OC)cc1)c1ccc(o1)c1ccc(C(=O)O)cc1
7ed_17b_3ea,N(c1ccc(OC)cc1)c1ccc(o1)c1ncc(C(=O)O)nc1
7ed_17b_8ea,N(c1ccc(OC)cc1)c1ccc(o1)C=C(C#N)C(=O)O
7ed_17b_11ea,N(c1ccc(OC)cc1)c1ccc(o1)C#Cc1cc(c(C(=O)O)cc1)O
7ed_17b_5ea,N(c1ccc(OC)cc1)c1ccc(o1)C1=CC=C(C(=O)O)C1
7ed_17b_2ea,N(c1ccc(OC)cc1)c1ccc(o1)c1ncc(C(=O)O)cc1
7ed_17b_7ea,N(c1ccc(OC)cc1)c1ccc(o1)c1ccc([Si](OC)(OC)OC)cc1
7ed_17b_4ea,N(c1ccc(OC)cc1)c1ccc(o1)c1ccc(C=C(C(=O)O)C#N)s1
7ed_17b_10ea,N(c1ccc(OC)cc1)c1ccc(o1)C#Cc1ccc(C(=O)NO)cc1
7ed_17b_9ea,N(c1ccc(OC)cc1)c1ccc(o1)C#CC1=CC=C(C(=O)[CH][CH]1)O
7ed_17b_1ea,N(c1ccc(OC)cc1)c1ccc(o1)c1ccc(C=C(C#N)C(=O)O)cc1
7ed_22b_6ea,N(c1ccc(OC)cc1)c1ncc(c2nc3c4ccc(CC)cc4c4c(c3nc12)ccc(CC)c4)c1ccc(C(=O)O)cc1
7ed_22b_3ea,N(c1ccc(OC)cc1)c1ncc(c2nc3c4ccc(CC)cc4c4c(c3nc12)ccc(CC)c4)c1ncc(C(=O)O)nc1
7ed_22b_8ea,N(c1ccc(OC)cc1)c1ncc(c2nc3c4ccc(CC)cc4c4c(c3nc12)ccc(CC)c4)C=C(C#N)C(=O)O
7ed_22b_11ea,N(c1ccc(OC)cc1)c1ncc(c2nc3c4ccc(CC)cc4c4c(c3nc12)ccc(CC)c4)C#Cc1cc(c(C(=O)O)cc1)O
7ed_22b_5ea,N(c1ccc(OC)cc1)c1ncc(c2nc3c4ccc(CC)cc4c4c(c3nc12)ccc(CC)c4)C1=CC=C(C(=O)O)C1
7ed_22b_2ea,N(c1ccc(OC)cc1)c1ncc(c2nc3c4ccc(CC)cc4c4c(c3nc12)ccc(CC)c4)c1ncc(C(=O)O)cc1
7ed_22b_7ea,N(c1ccc(OC)cc1)c1ncc(c2nc3c4ccc(CC)cc4c4c(c3nc12)ccc(CC)c4)c1ccc([Si](OC)(OC)OC)cc1
7ed_22b_4ea,N(c1ccc(OC)cc1)c1ncc(c2nc3c4ccc(CC)cc4c4c(c3nc12)ccc(CC)c4)c1ccc(C=C(C(=O)O)C#N)s1
7ed_22b_10ea,N(c1ccc(OC)cc1)c1ncc(c2nc3c4ccc(CC)cc4c4c(c3nc12)ccc(CC)c4)C#Cc1ccc(C(=O)NO)cc1
7ed_22b_9ea,N(c1ccc(OC)cc1)c1ncc(c2nc3c4ccc(CC)cc4c4c(c3nc12)ccc(CC)c4)C#CC1=C[CH][C](C(=O)[CH][CH]1)O
7ed_22b_1ea,N(c1ccc(OC)cc1)c1ncc(c2nc3c4ccc(CC)cc4c4c(c3nc12)ccc(CC)c4)c1ccc(C=C(C#N)C(=O)O)cc1
7ed_16b_6ea,N(c1ccc(OC)cc1)C1=[S][C@@H](c2c1nsn2)c1ccc(C(=O)O)cc1
7ed_16b_8ea,N(c1ccc(OC)cc1)C1=[S][C@@H](c2c1nsn2)C=C(C#N)C(=O)O
7ed_16b_11ea,N(c1ccc(OC)cc1)C1=[S][C@@H](c2c1nsn2)C#Cc1cc(c(C(=O)O)cc1)O
7ed_16b_5ea,N(c1ccc(OC)cc1)C1=[S][C@@H](c2c1nsn2)C1=CC=C(C(=O)O)C1
7ed_16b_7ea,N(c1ccc(OC)cc1)C1=[S][C@@H](c2c1nsn2)c1ccc([Si](OC)(OC)OC)cc1
7ed_16b_4ea,N(c1ccc(OC)cc1)C1=[S][C@@H](c2c1nsn2)c1ccc(C=C(C(=O)O)C#N)s1
7ed_16b_10ea,N(c1ccc(OC)cc1)C1=[S][C@@H](c2c1nsn2)C#Cc1ccc(C(=O)NO)cc1
7ed_16b_9ea,N(c1ccc(OC)cc1)C1=[S][C@H](c2c1nsn2)C#CC1=C[CH][C](C(=O)[CH][CH]1)O
1ed_21b_6ea,c1(ccc(cc1)N(c1ccccc1)c1ccccc1)c1ncc(c2nc(c3ccc(OC)cc3)c(nc12)c1ccc(OC)cc1)c1ccc(C(=O)O)cc1
1ed_21b_3ea,c1(ccc(cc1)N(c1ccccc1)c1ccccc1)c1ncc(c2nc(c3ccc(OC)cc3)c(nc12)c1ccc(OC)cc1)c1ncc(C(=O)O)nc1
1ed_21b_8ea,c1(ccc(cc1)N(c1ccccc1)c1ccccc1)c1ncc(c2nc(c3ccc(OC)cc3)c(nc12)c1ccc(OC)cc1)C=C(C#N)C(=O)O
1ed_21b_11ea,c1(ccc(cc1)N(c1ccccc1)c1ccccc1)c1ncc(c2nc(c3ccc(OC)cc3)c(nc12)c1ccc(OC)cc1)C#Cc1cc(c(C(=O)O)cc1)O
1ed_21b_5ea,c1(ccc(cc1)N(c1ccccc1)c1ccccc1)c1ncc(c2nc(c3ccc(OC)cc3)c(nc12)c1ccc(OC)cc1)C1=CC=C(C(=O)O)C1
1ed_21b_2ea,c1(ccc(cc1)N(c1ccccc1)c1ccccc1)c1ncc(c2nc(c3ccc(OC)cc3)c(nc12)c1ccc(OC)cc1)c1ncc(C(=O)O)cc1
1ed_21b_7ea,c1(ccc(cc1)N(c1ccccc1)c1ccccc1)c1ncc(c2nc(c3ccc(OC)cc3)c(nc12)c1ccc(OC)cc1)c1ccc([Si](OC)(OC)OC)cc1
1ed_21b_4ea,c1(ccc(cc1)N(c1ccccc1)c1ccccc1)c1ncc(c2nc(c3ccc(OC)cc3)c(nc12)c1ccc(OC)cc1)c1ccc(C=C(C(=O)O)C#N)s1
1ed_21b_10ea,c1(ccc(cc1)N(c1ccccc1)c1ccccc1)c1ncc(c2nc(c3ccc(OC)cc3)c(nc12)c1ccc(OC)cc1)C#Cc1ccc(C(=O)NO)cc1
1ed_21b_1ea,c1(ccc(cc1)N(c1ccccc1)c1ccccc1)c1ncc(c2nc(c3ccc(OC)cc3)c(nc12)c1ccc(OC)cc1)c1ccc(C=C(C#N)C(=O)O)cc1
1ed_20b_6ea,c1(ccc(cc1)N(c1ccccc1)c1ccccc1)c1c2nc(CC)c(nc2c(s1)c1ccc(C(=O)O)cc1)CC
1ed_20b_3ea,c1(ccc(cc1)N(c1ccccc1)c1ccccc1)c1c2nc(CC)c(nc2c(s1)c1ncc(C(=O)O)nc1)CC
1ed_20b_8ea,c1(ccc(cc1)N(c1ccccc1)c1ccccc1)c1c2nc(CC)c(nc2c(s1)C=C(C#N)C(=O)O)CC
1ed_20b_11ea,c1(ccc(cc1)N(c1ccccc1)c1ccccc1)c1c2nc(CC)c(nc2c(s1)C#Cc1cc(c(C(=O)O)cc1)O)CC
1ed_20b_5ea,c1(ccc(cc1)N(c1ccccc1)c1ccccc1)c1c2nc(CC)c(nc2c(s1)C1=CC=C(C(=O)O)C1)CC
1ed_20b_2ea,c1(ccc(cc1)N(c1ccccc1)c1ccccc1)c1c2nc(CC)c(nc2c(s1)c1ncc(C(=O)O)cc1)CC
1ed_20b_7ea,c1(ccc(cc1)N(c1ccccc1)c1ccccc1)c1c2nc(CC)c(nc2c(s1)c1ccc([Si](OC)(OC)OC)cc1)CC
1ed_20b_4ea,c1(ccc(cc1)N(c1ccccc1)c1ccccc1)c1c2nc(CC)c(nc2c(s1)c1ccc(C=C(C(=O)O)C#N)s1)CC
1ed_20b_10ea,c1(ccc(cc1)N(c1ccccc1)c1ccccc1)c1c2nc(CC)c(nc2c(s1)C#Cc1ccc(C(=O)NO)cc1)CC
1ed_20b_9ea,c1(ccc(cc1)N(c1ccccc1)c1ccccc1)c1c2nc(CC)c(nc2c(s1)C#CC1=CC=C(C(=O)[CH][CH]1)O)CC
1ed_20b_1ea,c1(ccc(cc1)N(c1ccccc1)c1ccccc1)c1c2nc(CC)c(nc2c(s1)c1ccc(C=C(C#N)C(=O)O)cc1)CC
1ed_6b_6ea,c1(ccc(cc1)N(c1ccccc1)c1ccccc1)c1sc2c3c(cc(s3)c3ccc(C(=O)O)cc3)n(c2c1)c1ccccc1
1ed_6b_8ea,c1(ccc(cc1)N(c1ccccc1)c1ccccc1)c1sc2c3c(cc(s3)C=C(C#N)C(=O)O)n(c2c1)c1ccccc1
1ed_6b_11ea,c1(ccc(cc1)N(c1ccccc1)c1ccccc1)c1sc2c3c(cc(s3)C#Cc3cc(c(C(=O)O)cc3)O)n(c2c1)c1ccccc1
1ed_6b_7ea,c1(ccc(cc1)N(c1ccccc1)c1ccccc1)c1sc2c3c(cc(s3)c3ccc([Si](OC)(OC)OC)cc3)n(c2c1)c1ccccc1
1ed_6b_4ea,c1(ccc(cc1)N(c1ccccc1)c1ccccc1)c1sc2c3c(cc(s3)c3ccc(C=C(C(=O)O)C#N)s3)n(c2c1)c1ccccc1
1ed_6b_10ea,c1(ccc(cc1)N(c1ccccc1)c1ccccc1)c1sc2c3c(cc(s3)C#Cc3ccc(C(=O)NO)cc3)n(c2c1)c1ccccc1
1ed_6b_9ea,c1(ccc(cc1)N(c1ccccc1)c1ccccc1)c1sc2c3c(cc(s3)C#CC3=CC=C(C(=O)[CH][CH]3)O)n(c2c1)c1ccccc1
1ed_26b_6ea,c1(ccc(cc1)N(c1ccccc1)c1ccccc1)c1c2cccc3[C@@](c4ccc(C)cc4)(c4c(sc5c4sc4c5[C@@](c5ccc(C)cc5)(c5ccc(C)cc5)c5c6c4c4ccccc4c(c6ccc5)c4ccc(C(=O)O)cc4)c(c4c1cccc4)c23)c1ccc(C)cc1
1ed_26b_3ea,c1(ccc(cc1)N(c1ccccc1)c1ccccc1)c1c2cccc3[C@@](c4ccc(C)cc4)(c4c(sc5c4sc4c5[C@@](c5ccc(C)cc5)(c5ccc(C)cc5)c5c6c4c4ccccc4c(c6ccc5)c4ncc(C(=O)O)nc4)c(c4c1cccc4)c23)c1ccc(C)cc1
1ed_26b_8ea,c1(ccc(cc1)N(c1ccccc1)c1ccccc1)c1c2cccc3[C@@](c4ccc(C)cc4)(c4c(sc5c4sc4c5[C@@](c5ccc(C)cc5)(c5ccc(C)cc5)c5c6c4c4ccccc4c(c6ccc5)C=C(C#N)C(=O)O)c(c4c1cccc4)c23)c1ccc(C)cc1
1ed_26b_5ea,c1(ccc(cc1)N(c1ccccc1)c1ccccc1)c1c2cccc3[C@@](c4ccc(C)cc4)(c4c(sc5c4sc4c5[C@@](c5ccc(C)cc5)(c5ccc(C)cc5)c5c6c4c4ccccc4c(c6ccc5)C4=CC=C(C(=O)O)C4)c(c4c1cccc4)c23)c1ccc(C)cc1
1ed_26b_7ea,c1(ccc(cc1)N(c1ccccc1)c1ccccc1)c1c2cccc3[C@@](c4ccc(C)cc4)(c4c(sc5c4sc4c5[C@@](c5ccc(C)cc5)(c5ccc(C)cc5)c5c6c4c4ccccc4c(c6ccc5)c4ccc([Si](OC)(OC)OC)cc4)c(c4c1cccc4)c23)c1ccc(C)cc1
1ed_26b_9ea,c1(ccc(cc1)N(c1ccccc1)c1ccccc1)c1c2cccc3[C@@](c4ccc(C)cc4)(c4c(sc5c4sc4c5[C@@](c5ccc(C)cc5)(c5ccc(C)cc5)c5c6c4c4ccccc4c(c6ccc5)C#CC4=CC=C(C(=O)[CH][CH]4)O)c(c4c1cccc4)c23)c1ccc(C)cc1
1ed_26b_1ea,c1(ccc(cc1)N(c1ccccc1)c1ccccc1)c1c2cccc3[C@@](c4ccc(C)cc4)(c4c(sc5c4sc4c5[C@@](c5ccc(C)cc5)(c5ccc(C)cc5)c5c6c4c4ccccc4c(c6ccc5)c4ccc(C=C(C#N)C(=O)O)cc4)c(c4c1cccc4)c23)c1ccc(C)cc1
1ed_25b_6ea,c1(ccc(cc1)N(c1ccccc1)c1ccccc1)C#Cc1cc(c(c2sc3c(sc4cc(c5c(C)cc(s5)c5ccc(C(=O)O)cc5)sc34)c2)s1)C
1ed_25b_3ea,c1(ccc(cc1)N(c1ccccc1)c1ccccc1)C#Cc1cc(c(c2sc3c(sc4cc(c5c(C)cc(s5)c5ncc(C(=O)O)nc5)sc34)c2)s1)C
1ed_25b_8ea,c1(ccc(cc1)N(c1ccccc1)c1ccccc1)C#Cc1cc(c(c2sc3c(sc4cc(c5c(C)cc(s5)C=C(C#N)C(=O)O)sc34)c2)s1)C
1ed_25b_11ea,c1(ccc(cc1)N(c1ccccc1)c1ccccc1)C#Cc1cc(c(c2sc3c(sc4cc(c5c(C)cc(s5)C#Cc5cc(c(C(=O)O)cc5)O)sc34)c2)s1)C
1ed_25b_5ea,c1(ccc(cc1)N(c1ccccc1)c1ccccc1)C#Cc1cc(c(c2sc3c(sc4cc(c5c(C)cc(s5)C5=CC=C(C(=O)O)C5)sc34)c2)s1)C
1ed_25b_2ea,c1(ccc(cc1)N(c1ccccc1)c1ccccc1)C#Cc1cc(c(c2sc3c(sc4cc(c5c(C)cc(s5)c5ncc(C(=O)O)cc5)sc34)c2)s1)C
1ed_25b_7ea,c1(ccc(cc1)N(c1ccccc1)c1ccccc1)C#Cc1cc(c(c2sc3c(sc4cc(c5c(C)cc(s5)c5ccc([Si](OC)(OC)OC)cc5)sc34)c2)s1)C
1ed_25b_4ea,c1(ccc(cc1)N(c1ccccc1)c1ccccc1)C#Cc1cc(c(c2sc3c(sc4cc(c5c(C)cc(s5)c5ccc(C=C(C(=O)O)C#N)s5)sc34)c2)s1)C
1ed_25b_10ea,c1(ccc(cc1)N(c1ccccc1)c1ccccc1)C#Cc1cc(c(c2sc3c(sc4cc(c5c(C)cc(s5)C#Cc5ccc(C(=O)NO)cc5)sc34)c2)s1)C
1ed_25b_9ea,c1(ccc(cc1)N(c1ccccc1)c1ccccc1)C#Cc1cc(c(c2sc3c(sc4cc(c5c(C)cc(s5)C#CC5=C[CH][C](C(=O)[CH][CH]5)O)sc34)c2)s1)C
1ed_25b_1ea,c1(ccc(cc1)N(c1ccccc1)c1ccccc1)C#Cc1cc(c(c2sc3c(sc4cc(c5c(C)cc(s5)c5ccc(C=C(C#N)C(=O)O)cc5)sc34)c2)s1)C
1ed_24b_6ea,c1(ccc(cc1)N(c1ccccc1)c1ccccc1)c1sc2c3sc4c(C)c(c5ccc(s5)c5ccc(C(=O)O)cc5)sc4c3sc2c1C
1ed_24b_3ea,c1(ccc(cc1)N(c1ccccc1)c1ccccc1)c1sc2c3sc4c(C)c(c5ccc(s5)c5ncc(C(=O)O)nc5)sc4c3sc2c1C
1ed_24b_8ea,c1(ccc(cc1)N(c1ccccc1)c1ccccc1)c1sc2c3sc4c(C)c(c5ccc(s5)C=C(C#N)C(=O)O)sc4c3sc2c1C
1ed_24b_11ea,c1(ccc(cc1)N(c1ccccc1)c1ccccc1)c1sc2c3sc4c(C)c(c5ccc(s5)C#Cc5cc(c(C(=O)O)cc5)O)sc4c3sc2c1C
1ed_24b_5ea,c1(ccc(cc1)N(c1ccccc1)c1ccccc1)c1sc2c3sc4c(C)c(c5ccc(s5)C5=CC=C(C(=O)O)C5)sc4c3sc2c1C
1ed_24b_2ea,c1(ccc(cc1)N(c1ccccc1)c1ccccc1)c1sc2c3sc4c(C)c(c5ccc(s5)c5ncc(C(=O)O)cc5)sc4c3sc2c1C
1ed_24b_7ea,c1(ccc(cc1)N(c1ccccc1)c1ccccc1)c1sc2c3sc4c(C)c(c5ccc(s5)c5ccc([Si](OC)(OC)OC)cc5)sc4c3sc2c1C
1ed_24b_4ea,c1(ccc(cc1)N(c1ccccc1)c1ccccc1)c1sc2c3sc4c(C)c(c5ccc(s5)c5ccc(C=C(C(=O)O)C#N)s5)sc4c3sc2c1C
1ed_24b_9ea,c1(ccc(cc1)N(c1ccccc1)c1ccccc1)c1sc2c3sc4c(C)c(c5ccc(s5)C#CC5=CC=C(C(=O)[CH][CH]5)O)sc4c3sc2c1C
1ed_24b_1ea,c1(ccc(cc1)N(c1ccccc1)c1ccccc1)c1sc2c3sc4c(C)c(c5ccc(s5)c5ccc(C=C(C#N)C(=O)O)cc5)sc4c3sc2c1C
1ed_1b_6ea,c1(ccc(cc1)N(c1ccccc1)c1ccccc1)c1c2c(c(s1)c1ccc(C(=O)O)cc1)nccn2
1ed_1b_11ea,c1(ccc(cc1)N(c1ccccc1)c1ccccc1)c1c2c(c(s1)C#Cc1cc(c(C(=O)O)cc1)O)nccn2
1ed_1b_5ea,c1(ccc(cc1)N(c1ccccc1)c1ccccc1)c1c2c(c(s1)C1=CC=C(C(=O)O)C1)nccn2
1ed_1b_7ea,c1(ccc(cc1)N(c1ccccc1)c1ccccc1)c1c2c(c(s1)c1ccc([Si](OC)(OC)OC)cc1)nccn2
1ed_1b_4ea,c1(ccc(cc1)N(c1ccccc1)c1ccccc1)c1c2c(c(s1)c1ccc(C=C(C(=O)O)C#N)s1)nccn2
1ed_1b_10ea,c1(ccc(cc1)N(c1ccccc1)c1ccccc1)c1c2c(c(s1)C#Cc1ccc(C(=O)NO)cc1)nccn2
1ed_1b_9ea,c1(ccc(cc1)N(c1ccccc1)c1ccccc1)c1c2c(c(s1)C#CC1=C[CH][C](C(=O)[CH][CH]1)O)nccn2
1ed_23b_3ea,c1(ccc(cc1)N(c1ccccc1)c1ccccc1)c1cc2n(C)c3c(ccc(c3)c3ncc(C(=O)O)nc3)c2s1
1ed_23b_8ea,c1(ccc(cc1)N(c1ccccc1)c1ccccc1)c1cc2n(C)c3c(ccc(c3)C=C(C#N)C(=O)O)c2s1
1ed_23b_11ea,c1(ccc(cc1)N(c1ccccc1)c1ccccc1)c1cc2n(C)c3c(ccc(c3)C#Cc3cc(c(C(=O)O)cc3)O)c2s1
1ed_23b_5ea,c1(ccc(cc1)N(c1ccccc1)c1ccccc1)c1cc2n(C)c3c(ccc(c3)C3=CC=C(C(=O)O)C3)c2s1
1ed_23b_2ea,c1(ccc(cc1)N(c1ccccc1)c1ccccc1)c1cc2n(C)c3c(ccc(c3)c3ncc(C(=O)O)cc3)c2s1
1ed_23b_7ea,c1(ccc(cc1)N(c1ccccc1)c1ccccc1)c1cc2n(C)c3c(ccc(c3)c3ccc([Si](OC)(OC)OC)cc3)c2s1
1ed_23b_10ea,c1(ccc(cc1)N(c1ccccc1)c1ccccc1)c1cc2n(C)c3c(ccc(c3)C#Cc3ccc(C(=O)NO)cc3)c2s1
1ed_23b_9ea,c1(ccc(cc1)N(c1ccccc1)c1ccccc1)c1cc2n(C)c3c(ccc(c3)C#CC3=C[CH][C](C(=O)[CH][CH]3)O)c2s1
1ed_23b_1ea,c1(ccc(cc1)N(c1ccccc1)c1ccccc1)c1cc2n(C)c3c(ccc(c3)c3ccc(C=C(C#N)C(=O)O)cc3)c2s1
1ed_17b_6ea,c1(ccc(cc1)N(c1ccccc1)c1ccccc1)c1ccc(o1)c1ccc(C(=O)O)cc1
1ed_17b_3ea,c1(ccc(cc1)N(c1ccccc1)c1ccccc1)c1ccc(o1)c1ncc(C(=O)O)nc1
1ed_17b_8ea,c1(ccc(cc1)N(c1ccccc1)c1ccccc1)c1ccc(o1)C=C(C#N)C(=O)O
1ed_17b_11ea,c1(ccc(cc1)N(c1ccccc1)c1ccccc1)c1ccc(o1)C#Cc1cc(c(C(=O)O)cc1)O
1ed_17b_5ea,c1(ccc(cc1)N(c1ccccc1)c1ccccc1)c1ccc(o1)C1=CC=C(C(=O)O)C1
1ed_17b_2ea,c1(ccc(cc1)N(c1ccccc1)c1ccccc1)c1ccc(o1)c1ncc(C(=O)O)cc1
1ed_17b_7ea,c1(ccc(cc1)N(c1ccccc1)c1ccccc1)c1ccc(o1)c1ccc([Si](OC)(OC)OC)cc1
1ed_17b_4ea,c1(ccc(cc1)N(c1ccccc1)c1ccccc1)c1ccc(o1)c1ccc(C=C(C(=O)O)C#N)s1
1ed_17b_10ea,c1(ccc(cc1)N(c1ccccc1)c1ccccc1)c1ccc(o1)C#Cc1ccc(C(=O)NO)cc1
1ed_17b_9ea,c1(ccc(cc1)N(c1ccccc1)c1ccccc1)c1ccc(o1)C#CC1=CC=C(C(=O)[CH][CH]1)O
1ed_17b_1ea,c1(ccc(cc1)N(c1ccccc1)c1ccccc1)c1ccc(o1)c1ccc(C=C(C#N)C(=O)O)cc1
1ed_22b_6ea,c1(ccc(cc1)N(c1ccccc1)c1ccccc1)c1ncc(c2nc3c4ccc(CC)cc4c4c(c3nc12)ccc(CC)c4)c1ccc(C(=O)O)cc1
1ed_22b_3ea,c1(ccc(cc1)N(c1ccccc1)c1ccccc1)c1ncc(c2nc3c4ccc(CC)cc4c4c(c3nc12)ccc(CC)c4)c1ncc(C(=O)O)nc1
1ed_22b_8ea,c1(ccc(cc1)N(c1ccccc1)c1ccccc1)c1ncc(c2nc3c4ccc(CC)cc4c4c(c3nc12)ccc(CC)c4)C=C(C#N)C(=O)O
1ed_22b_11ea,c1(ccc(cc1)N(c1ccccc1)c1ccccc1)c1ncc(c2nc3c4ccc(CC)cc4c4c(c3nc12)ccc(CC)c4)C#Cc1cc(c(C(=O)O)cc1)O
1ed_22b_5ea,c1(ccc(cc1)N(c1ccccc1)c1ccccc1)c1ncc(c2nc3c4ccc(CC)cc4c4c(c3nc12)ccc(CC)c4)C1=CC=C(C(=O)O)C1
1ed_22b_2ea,c1(ccc(cc1)N(c1ccccc1)c1ccccc1)c1ncc(c2nc3c4ccc(CC)cc4c4c(c3nc12)ccc(CC)c4)c1ncc(C(=O)O)cc1
1ed_22b_7ea,c1(ccc(cc1)N(c1ccccc1)c1ccccc1)c1ncc(c2nc3c4ccc(CC)cc4c4c(c3nc12)ccc(CC)c4)c1ccc([Si](OC)(OC)OC)cc1
1ed_22b_4ea,c1(ccc(cc1)N(c1ccccc1)c1ccccc1)c1ncc(c2nc3c4ccc(CC)cc4c4c(c3nc12)ccc(CC)c4)c1ccc(C=C(C(=O)O)C#N)s1
1ed_22b_10ea,c1(ccc(cc1)N(c1ccccc1)c1ccccc1)c1ncc(c2nc3c4ccc(CC)cc4c4c(c3nc12)ccc(CC)c4)C#Cc1ccc(C(=O)NO)cc1
1ed_22b_9ea,c1(ccc(cc1)N(c1ccccc1)c1ccccc1)c1ncc(c2nc3c4ccc(CC)cc4c4c(c3nc12)ccc(CC)c4)C#CC1=C[CH][C](C(=O)[CH][CH]1)O
1ed_22b_1ea,c1(ccc(cc1)N(c1ccccc1)c1ccccc1)c1ncc(c2nc3c4ccc(CC)cc4c4c(c3nc12)ccc(CC)c4)c1ccc(C=C(C#N)C(=O)O)cc1
1ed_16b_6ea,c1(ccc(cc1)N(c1ccccc1)c1ccccc1)[C@H]1c2c(C(=[S]1)c1ccc(C(=O)O)cc1)nsn2
1ed_16b_8ea,c1(ccc(cc1)N(c1ccccc1)c1ccccc1)[C@@H]1c2c(C(=[S]1)C=C(C#N)C(=O)O)nsn2
1ed_16b_11ea,c1(ccc(cc1)N(c1ccccc1)c1ccccc1)[C@H]1c2c(C(=[S]1)C#Cc1cc(c(C(=O)O)cc1)O)nsn2
1ed_16b_5ea,c1(ccc(cc1)N(c1ccccc1)c1ccccc1)[C@@H]1c2c(C(=[S]1)C1=CC=C(C(=O)O)C1)nsn2
1ed_16b_7ea,c1(ccc(cc1)N(c1ccccc1)c1ccccc1)[C@H]1c2c(C(=[S]1)c1ccc([Si](OC)(OC)OC)cc1)nsn2
1ed_16b_4ea,c1(ccc(cc1)N(c1ccccc1)c1ccccc1)[C@H]1c2c(C(=[S]1)c1ccc(C=C(C(=O)O)C#N)s1)nsn2
1ed_16b_10ea,c1(ccc(cc1)N(c1ccccc1)c1ccccc1)[C@H]1c2c(C(=[S]1)C#Cc1ccc(C(=O)NO)cc1)nsn2
1ed_16b_9ea,c1(ccc(cc1)N(c1ccccc1)c1ccccc1)[C@H]1c2c(C(=[S]1)C#CC1=CC=C(C(=O)[CH][CH]1)O)nsn2
6ed_21b_6ea,N(c1ccc(OC)cc1)(c1ccc(OC)cc1)c1ncc(c2nc(c3ccc(OC)cc3)c(nc12)c1ccc(OC)cc1)c1ccc(C(=O)O)cc1
6ed_21b_3ea,N(c1ccc(OC)cc1)(c1ccc(OC)cc1)c1ncc(c2nc(c3ccc(OC)cc3)c(nc12)c1ccc(OC)cc1)c1ncc(C(=O)O)nc1
6ed_21b_8ea,N(c1ccc(OC)cc1)(c1ccc(OC)cc1)c1ncc(c2nc(c3ccc(OC)cc3)c(nc12)c1ccc(OC)cc1)C=C(C#N)C(=O)O
6ed_21b_5ea,N(c1ccc(OC)cc1)(c1ccc(OC)cc1)c1ncc(c2nc(c3ccc(OC)cc3)c(nc12)c1ccc(OC)cc1)C1=CC=C(C(=O)O)C1
6ed_21b_2ea,N(c1ccc(OC)cc1)(c1ccc(OC)cc1)c1ncc(c2nc(c3ccc(OC)cc3)c(nc12)c1ccc(OC)cc1)c1ncc(C(=O)O)cc1
6ed_20b_6ea,N(c1ccc(OC)cc1)(c1ccc(OC)cc1)c1c2nc(CC)c(nc2c(s1)c1ccc(C(=O)O)cc1)CC
6ed_20b_3ea,N(c1ccc(OC)cc1)(c1ccc(OC)cc1)c1c2nc(CC)c(nc2c(s1)c1ncc(C(=O)O)nc1)CC
6ed_20b_8ea,N(c1ccc(OC)cc1)(c1ccc(OC)cc1)c1c2nc(CC)c(nc2c(s1)C=C(C#N)C(=O)O)CC
6ed_20b_11ea,N(c1ccc(OC)cc1)(c1ccc(OC)cc1)c1c2nc(CC)c(nc2c(s1)C#Cc1cc(c(C(=O)O)cc1)O)CC
6ed_20b_5ea,N(c1ccc(OC)cc1)(c1ccc(OC)cc1)c1c2nc(CC)c(nc2c(s1)C1=CC=C(C(=O)O)C1)CC
6ed_20b_2ea,N(c1ccc(OC)cc1)(c1ccc(OC)cc1)c1c2nc(CC)c(nc2c(s1)c1ncc(C(=O)O)cc1)CC
6ed_26b_3ea,N(c1ccc(OC)cc1)(c1ccc(OC)cc1)c1c2cccc3[C@@](c4ccc(C)cc4)(c4c(sc5c4sc4c5[C@@](c5ccc(C)cc5)(c5ccc(C)cc5)c5c6c4c4ccccc4c(c6ccc5)c4ncc(C(=O)O)nc4)c(c4c1cccc4)c23)c1ccc(C)cc1
6ed_26b_8ea,N(c1ccc(OC)cc1)(c1ccc(OC)cc1)c1c2cccc3[C@@](c4ccc(C)cc4)(c4c(sc5c4sc4c5[C@@](c5ccc(C)cc5)(c5ccc(C)cc5)c5c6c4c4ccccc4c(c6ccc5)C=C(C#N)C(=O)O)c(c4c1cccc4)c23)c1ccc(C)cc1
6ed_26b_11ea,N(c1ccc(OC)cc1)(c1ccc(OC)cc1)c1c2cccc3[C@@](c4ccc(C)cc4)(c4c(sc5c4sc4c5[C@@](c5ccc(C)cc5)(c5ccc(C)cc5)c5c6c4c4ccccc4c(c6ccc5)C#Cc4cc(c(C(=O)O)cc4)O)c(c4c1cccc4)c23)c1ccc(C)cc1
6ed_26b_5ea,N(c1ccc(OC)cc1)(c1ccc(OC)cc1)c1c2cccc3[C@@](c4ccc(C)cc4)(c4c(sc5c4sc4c5[C@@](c5ccc(C)cc5)(c5ccc(C)cc5)c5c6c4c4ccccc4c(c6ccc5)C4=CC=C(C(=O)O)C4)c(c4c1cccc4)c23)c1ccc(C)cc1
6ed_26b_2ea,N(c1ccc(OC)cc1)(c1ccc(OC)cc1)c1c2cccc3[C@@](c4ccc(C)cc4)(c4c(sc5c4sc4c5[C@@](c5ccc(C)cc5)(c5ccc(C)cc5)c5c6c4c4ccccc4c(c6ccc5)c4ncc(C(=O)O)cc4)c(c4c1cccc4)c23)c1ccc(C)cc1
6ed_26b_4ea,N(c1ccc(OC)cc1)(c1ccc(OC)cc1)c1c2cccc3[C@@](c4ccc(C)cc4)(c4c(sc5c4sc4c5[C@@](c5ccc(C)cc5)(c5ccc(C)cc5)c5c6c4c4ccccc4c(c6ccc5)c4ccc(C=C(C(=O)O)C#N)s4)c(c4c1cccc4)c23)c1ccc(C)cc1
6ed_26b_10ea,N(c1ccc(OC)cc1)(c1ccc(OC)cc1)c1c2cccc3[C@@](c4ccc(C)cc4)(c4c(sc5c4sc4c5[C@@](c5ccc(C)cc5)(c5ccc(C)cc5)c5c6c4c4ccccc4c(c6ccc5)C#Cc4ccc(C(=O)NO)cc4)c(c4c1cccc4)c23)c1ccc(C)cc1
6ed_26b_9ea,N(c1ccc(OC)cc1)(c1ccc(OC)cc1)c1c2cccc3[C@@](c4ccc(C)cc4)(c4c(sc5c4sc4c5[C@@](c5ccc(C)cc5)(c5ccc(C)cc5)c5c6c4c4ccccc4c(c6ccc5)C#CC4=C[CH][C](C(=O)[CH][CH]4)O)c(c4c1cccc4)c23)c1ccc(C)cc1
6ed_26b_1ea,N(c1ccc(OC)cc1)(c1ccc(OC)cc1)c1c2cccc3[C@@](c4ccc(C)cc4)(c4c(sc5c4sc4c5[C@@](c5ccc(C)cc5)(c5ccc(C)cc5)c5c6c4c4ccccc4c(c6ccc5)c4ccc(C=C(C#N)C(=O)O)cc4)c(c4c1cccc4)c23)c1ccc(C)cc1
6ed_25b_9ea,N(c1ccc(OC)cc1)(c1ccc(OC)cc1)C#Cc1cc(c(c2sc3c(sc4cc(c5c(C)cc(s5)C#CC5=C[CH][C](C(=O)[CH][CH]5)O)sc34)c2)s1)C
6ed_24b_6ea,N(c1ccc(OC)cc1)(c1ccc(OC)cc1)c1sc2c3sc4c(C)c(c5ccc(s5)c5ccc(C(=O)O)cc5)sc4c3sc2c1C
6ed_24b_3ea,N(c1ccc(OC)cc1)(c1ccc(OC)cc1)c1sc2c3sc4c(C)c(c5ccc(s5)c5ncc(C(=O)O)nc5)sc4c3sc2c1C
6ed_24b_8ea,N(c1ccc(OC)cc1)(c1ccc(OC)cc1)c1sc2c3sc4c(C)c(c5ccc(s5)C=C(C#N)C(=O)O)sc4c3sc2c1C
6ed_24b_11ea,N(c1ccc(OC)cc1)(c1ccc(OC)cc1)c1sc2c3sc4c(C)c(c5ccc(s5)C#Cc5cc(c(C(=O)O)cc5)O)sc4c3sc2c1C
6ed_24b_5ea,N(c1ccc(OC)cc1)(c1ccc(OC)cc1)c1sc2c3sc4c(C)c(c5ccc(s5)C5=CC=C(C(=O)O)C5)sc4c3sc2c1C
6ed_24b_2ea,N(c1ccc(OC)cc1)(c1ccc(OC)cc1)c1sc2c3sc4c(C)c(c5ccc(s5)c5ncc(C(=O)O)cc5)sc4c3sc2c1C
6ed_24b_7ea,N(c1ccc(OC)cc1)(c1ccc(OC)cc1)c1sc2c3sc4c(C)c(c5ccc(s5)c5ccc([Si](OC)(OC)OC)cc5)sc4c3sc2c1C
6ed_24b_4ea,N(c1ccc(OC)cc1)(c1ccc(OC)cc1)c1sc2c3sc4c(C)c(c5ccc(s5)c5ccc(C=C(C(=O)O)C#N)s5)sc4c3sc2c1C
6ed_24b_10ea,N(c1ccc(OC)cc1)(c1ccc(OC)cc1)c1sc2c3sc4c(C)c(c5ccc(s5)C#Cc5ccc(C(=O)NO)cc5)sc4c3sc2c1C
6ed_24b_9ea,N(c1ccc(OC)cc1)(c1ccc(OC)cc1)c1sc2c3sc4c(C)c(c5ccc(s5)C#CC5=CC=C(C(=O)[CH][CH]5)O)sc4c3sc2c1C
6ed_24b_1ea,N(c1ccc(OC)cc1)(c1ccc(OC)cc1)c1sc2c3sc4c(C)c(c5ccc(s5)c5ccc(C=C(C#N)C(=O)O)cc5)sc4c3sc2c1C
6ed_1b_6ea,N(c1ccc(OC)cc1)(c1ccc(OC)cc1)c1c2c(c(s1)c1ccc(C(=O)O)cc1)nccn2
6ed_1b_8ea,N(c1ccc(OC)cc1)(c1ccc(OC)cc1)c1c2c(c(s1)C=C(C#N)C(=O)O)nccn2
6ed_1b_11ea,N(c1ccc(OC)cc1)(c1ccc(OC)cc1)c1c2c(c(s1)C#Cc1cc(c(C(=O)O)cc1)O)nccn2
6ed_1b_5ea,N(c1ccc(OC)cc1)(c1ccc(OC)cc1)c1c2c(c(s1)C1=CC=C(C(=O)O)C1)nccn2
6ed_1b_7ea,N(c1ccc(OC)cc1)(c1ccc(OC)cc1)c1c2c(c(s1)c1ccc([Si](OC)(OC)OC)cc1)nccn2
6ed_1b_4ea,N(c1ccc(OC)cc1)(c1ccc(OC)cc1)c1c2c(c(s1)c1ccc(C=C(C(=O)O)C#N)s1)nccn2
6ed_1b_10ea,N(c1ccc(OC)cc1)(c1ccc(OC)cc1)c1c2c(c(s1)C#Cc1ccc(C(=O)NO)cc1)nccn2
6ed_1b_9ea,N(c1ccc(OC)cc1)(c1ccc(OC)cc1)c1c2c(c(s1)C#CC1=C[CH][C](C(=O)[CH][CH]1)O)nccn2
6ed_23b_6ea,N(c1ccc(OC)cc1)(c1ccc(OC)cc1)c1cc2n(C)c3c(ccc(c3)c3ccc(C(=O)O)cc3)c2s1
6ed_23b_3ea,N(c1ccc(OC)cc1)(c1ccc(OC)cc1)c1cc2n(C)c3c(ccc(c3)c3ncc(C(=O)O)nc3)c2s1
6ed_23b_8ea,N(c1ccc(OC)cc1)(c1ccc(OC)cc1)c1cc2n(C)c3c(ccc(c3)C=C(C#N)C(=O)O)c2s1
6ed_23b_11ea,N(c1ccc(OC)cc1)(c1ccc(OC)cc1)c1cc2n(C)c3c(ccc(c3)C#Cc3cc(c(C(=O)O)cc3)O)c2s1
6ed_23b_5ea,N(c1ccc(OC)cc1)(c1ccc(OC)cc1)c1cc2n(C)c3c(ccc(c3)C3=CC=C(C(=O)O)C3)c2s1
6ed_23b_2ea,N(c1ccc(OC)cc1)(c1ccc(OC)cc1)c1cc2n(C)c3c(ccc(c3)c3ncc(C(=O)O)cc3)c2s1
6ed_23b_7ea,N(c1ccc(OC)cc1)(c1ccc(OC)cc1)c1cc2n(C)c3c(ccc(c3)c3ccc([Si](OC)(OC)OC)cc3)c2s1
6ed_23b_4ea,N(c1ccc(OC)cc1)(c1ccc(OC)cc1)c1cc2n(C)c3c(ccc(c3)c3ccc(C=C(C(=O)O)C#N)s3)c2s1
6ed_23b_10ea,N(c1ccc(OC)cc1)(c1ccc(OC)cc1)c1cc2n(C)c3c(ccc(c3)C#Cc3ccc(C(=O)NO)cc3)c2s1
6ed_23b_9ea,N(c1ccc(OC)cc1)(c1ccc(OC)cc1)c1cc2n(C)c3c(ccc(c3)C#CC3=CC=C(C(=O)[CH][CH]3)O)c2s1
6ed_23b_1ea,N(c1ccc(OC)cc1)(c1ccc(OC)cc1)c1cc2n(C)c3c(ccc(c3)c3ccc(C=C(C#N)C(=O)O)cc3)c2s1
6ed_17b_6ea,N(c1ccc(OC)cc1)(c1ccc(OC)cc1)c1ccc(o1)c1ccc(C(=O)O)cc1
6ed_17b_3ea,N(c1ccc(OC)cc1)(c1ccc(OC)cc1)c1ccc(o1)c1ncc(C(=O)O)nc1
6ed_17b_8ea,N(c1ccc(OC)cc1)(c1ccc(OC)cc1)c1ccc(o1)C=C(C#N)C(=O)O
6ed_17b_11ea,N(c1ccc(OC)cc1)(c1ccc(OC)cc1)c1ccc(o1)C#Cc1cc(c(C(=O)O)cc1)O
6ed_17b_5ea,N(c1ccc(OC)cc1)(c1ccc(OC)cc1)c1ccc(o1)C1=CC=C(C(=O)O)C1
6ed_17b_2ea,N(c1ccc(OC)cc1)(c1ccc(OC)cc1)c1ccc(o1)c1ncc(C(=O)O)cc1
6ed_17b_7ea,N(c1ccc(OC)cc1)(c1ccc(OC)cc1)c1ccc(o1)c1ccc([Si](OC)(OC)OC)cc1
6ed_17b_4ea,N(c1ccc(OC)cc1)(c1ccc(OC)cc1)c1ccc(o1)c1ccc(C=C(C(=O)O)C#N)s1
6ed_17b_10ea,N(c1ccc(OC)cc1)(c1ccc(OC)cc1)c1ccc(o1)C#Cc1ccc(C(=O)NO)cc1
6ed_17b_9ea,N(c1ccc(OC)cc1)(c1ccc(OC)cc1)c1ccc(o1)C#CC1=CC=C(C(=O)[CH][CH]1)O
6ed_17b_1ea,N(c1ccc(OC)cc1)(c1ccc(OC)cc1)c1ccc(o1)c1ccc(C=C(C#N)C(=O)O)cc1
6ed_22b_6ea,N(c1ccc(OC)cc1)(c1ccc(OC)cc1)c1ncc(c2nc3c4ccc(CC)cc4c4c(c3nc12)ccc(CC)c4)c1ccc(C(=O)O)cc1
6ed_22b_3ea,N(c1ccc(OC)cc1)(c1ccc(OC)cc1)c1ncc(c2nc3c4ccc(CC)cc4c4c(c3nc12)ccc(CC)c4)c1ncc(C(=O)O)nc1
6ed_22b_8ea,N(c1ccc(OC)cc1)(c1ccc(OC)cc1)c1ncc(c2nc3c4ccc(CC)cc4c4c(c3nc12)ccc(CC)c4)C=C(C#N)C(=O)O
6ed_22b_5ea,N(c1ccc(OC)cc1)(c1ccc(OC)cc1)c1ncc(c2nc3c4ccc(CC)cc4c4c(c3nc12)ccc(CC)c4)C1=CC=C(C(=O)O)C1
6ed_22b_2ea,N(c1ccc(OC)cc1)(c1ccc(OC)cc1)c1ncc(c2nc3c4ccc(CC)cc4c4c(c3nc12)ccc(CC)c4)c1ncc(C(=O)O)cc1
6ed_22b_7ea,N(c1ccc(OC)cc1)(c1ccc(OC)cc1)c1ncc(c2nc3c4ccc(CC)cc4c4c(c3nc12)ccc(CC)c4)c1ccc([Si](OC)(OC)OC)cc1
6ed_22b_4ea,N(c1ccc(OC)cc1)(c1ccc(OC)cc1)c1ncc(c2nc3c4ccc(CC)cc4c4c(c3nc12)ccc(CC)c4)c1ccc(C=C(C(=O)O)C#N)s1
6ed_22b_10ea,N(c1ccc(OC)cc1)(c1ccc(OC)cc1)c1ncc(c2nc3c4ccc(CC)cc4c4c(c3nc12)ccc(CC)c4)C#Cc1ccc(C(=O)NO)cc1
6ed_22b_1ea,N(c1ccc(OC)cc1)(c1ccc(OC)cc1)c1ncc(c2nc3c4ccc(CC)cc4c4c(c3nc12)ccc(CC)c4)c1ccc(C=C(C#N)C(=O)O)cc1
6ed_16b_6ea,N(c1ccc(OC)cc1)(c1ccc(OC)cc1)C1=[S][C@H](c2c1nsn2)c1ccc(C(=O)O)cc1
6ed_16b_8ea,N(c1ccc(OC)cc1)(c1ccc(OC)cc1)C1=[S][C@@H](c2c1nsn2)C=C(C#N)C(=O)O
6ed_16b_11ea,N(c1ccc(OC)cc1)(c1ccc(OC)cc1)C1=[S][C@H](c2c1nsn2)C#Cc1cc(c(C(=O)O)cc1)O
6ed_16b_5ea,N(c1ccc(OC)cc1)(c1ccc(OC)cc1)C1=[S][C@@H](c2c1nsn2)C1=CC=C(C(=O)O)C1
6ed_16b_7ea,N(c1ccc(OC)cc1)(c1ccc(OC)cc1)C1=[S][C@@H](c2c1nsn2)c1ccc([Si](OC)(OC)OC)cc1
6ed_16b_4ea,N(c1ccc(OC)cc1)(c1ccc(OC)cc1)C1=[S][C@@H](c2c1nsn2)c1ccc(C=C(C(=O)O)C#N)s1
6ed_16b_10ea,N(c1ccc(OC)cc1)(c1ccc(OC)cc1)C1=[S][C@H](c2c1nsn2)C#Cc1ccc(C(=O)NO)cc1
6ed_16b_9ea,N(c1ccc(OC)cc1)(c1ccc(OC)cc1)C1=[S][C@@H](c2c1nsn2)C#CC1=C[CH][C](C(=O)[CH][CH]1)O
3ed_21b_6ea,N(c1ccccc1)c1ncc(c2nc(c3ccc(OC)cc3)c(nc12)c1ccc(OC)cc1)c1ccc(C(=O)O)cc1
3ed_21b_3ea,N(c1ccccc1)c1ncc(c2nc(c3ccc(OC)cc3)c(nc12)c1ccc(OC)cc1)c1ncc(C(=O)O)nc1
3ed_21b_8ea,N(c1ccccc1)c1ncc(c2nc(c3ccc(OC)cc3)c(nc12)c1ccc(OC)cc1)C=C(C#N)C(=O)O
3ed_21b_11ea,N(c1ccccc1)c1ncc(c2nc(c3ccc(OC)cc3)c(nc12)c1ccc(OC)cc1)C#Cc1cc(c(C(=O)O)cc1)O
3ed_21b_5ea,N(c1ccccc1)c1ncc(c2nc(c3ccc(OC)cc3)c(nc12)c1ccc(OC)cc1)C1=CC=C(C(=O)O)C1
3ed_21b_2ea,N(c1ccccc1)c1ncc(c2nc(c3ccc(OC)cc3)c(nc12)c1ccc(OC)cc1)c1ncc(C(=O)O)cc1
3ed_21b_4ea,N(c1ccccc1)c1ncc(c2nc(c3ccc(OC)cc3)c(nc12)c1ccc(OC)cc1)c1ccc(C=C(C(=O)O)C#N)s1
3ed_21b_10ea,N(c1ccccc1)c1ncc(c2nc(c3ccc(OC)cc3)c(nc12)c1ccc(OC)cc1)C#Cc1ccc(C(=O)NO)cc1
3ed_21b_1ea,N(c1ccccc1)c1ncc(c2nc(c3ccc(OC)cc3)c(nc12)c1ccc(OC)cc1)c1ccc(C=C(C#N)C(=O)O)cc1
3ed_20b_6ea,N(c1ccccc1)c1c2nc(CC)c(nc2c(s1)c1ccc(C(=O)O)cc1)CC
3ed_20b_3ea,N(c1ccccc1)c1c2nc(CC)c(nc2c(s1)c1ncc(C(=O)O)nc1)CC
3ed_20b_11ea,N(c1ccccc1)c1c2nc(CC)c(nc2c(s1)C#Cc1cc(c(C(=O)O)cc1)O)CC
3ed_20b_5ea,N(c1ccccc1)c1c2nc(CC)c(nc2c(s1)C1=CC=C(C(=O)O)C1)CC
3ed_20b_2ea,N(c1ccccc1)c1c2nc(CC)c(nc2c(s1)c1ncc(C(=O)O)cc1)CC
3ed_20b_7ea,N(c1ccccc1)c1c2nc(CC)c(nc2c(s1)c1ccc([Si](OC)(OC)OC)cc1)CC
3ed_20b_4ea,N(c1ccccc1)c1c2nc(CC)c(nc2c(s1)c1ccc(C=C(C(=O)O)C#N)s1)CC
3ed_20b_10ea,N(c1ccccc1)c1c2nc(CC)c(nc2c(s1)C#Cc1ccc(C(=O)NO)cc1)CC
3ed_20b_9ea,N(c1ccccc1)c1c2nc(CC)c(nc2c(s1)C#CC1=C[CH][C](C(=O)[CH][CH]1)O)CC
3ed_20b_1ea,N(c1ccccc1)c1c2nc(CC)c(nc2c(s1)c1ccc(C=C(C#N)C(=O)O)cc1)CC
3ed_6b_6ea,N(c1ccccc1)c1sc2c3c(cc(s3)c3ccc(C(=O)O)cc3)n(c2c1)c1ccccc1
3ed_6b_8ea,N(c1ccccc1)c1sc2c3c(cc(s3)C=C(C#N)C(=O)O)n(c2c1)c1ccccc1
3ed_6b_11ea,N(c1ccccc1)c1sc2c3c(cc(s3)C#Cc3cc(c(C(=O)O)cc3)O)n(c2c1)c1ccccc1
3ed_6b_5ea,N(c1ccccc1)c1sc2c3c(cc(s3)C3=CC=C(C(=O)O)C3)n(c2c1)c1ccccc1
3ed_6b_7ea,N(c1ccccc1)c1sc2c3c(cc(s3)c3ccc([Si](OC)(OC)OC)cc3)n(c2c1)c1ccccc1
3ed_6b_4ea,N(c1ccccc1)c1sc2c3c(cc(s3)c3ccc(C=C(C(=O)O)C#N)s3)n(c2c1)c1ccccc1
3ed_6b_10ea,N(c1ccccc1)c1sc2c3c(cc(s3)C#Cc3ccc(C(=O)NO)cc3)n(c2c1)c1ccccc1
3ed_6b_9ea,N(c1ccccc1)c1sc2c3c(cc(s3)C#CC3=C[CH][C](C(=O)[CH][CH]3)O)n(c2c1)c1ccccc1
3ed_26b_6ea,N(c1ccccc1)c1c2cccc3[C@@](c4ccc(C)cc4)(c4c(sc5c4sc4c5[C@@](c5ccc(C)cc5)(c5ccc(C)cc5)c5c6c4c4ccccc4c(c6ccc5)c4ccc(C(=O)O)cc4)c(c4c1cccc4)c23)c1ccc(C)cc1
3ed_26b_8ea,N(c1ccccc1)c1c2cccc3[C@@](c4ccc(C)cc4)(c4c(sc5c4sc4c5[C@@](c5ccc(C)cc5)(c5ccc(C)cc5)c5c6c4c4ccccc4c(c6ccc5)C=C(C#N)C(=O)O)c(c4c1cccc4)c23)c1ccc(C)cc1
3ed_26b_11ea,N(c1ccccc1)c1c2cccc3[C@@](c4ccc(C)cc4)(c4c(sc5c4sc4c5[C@@](c5ccc(C)cc5)(c5ccc(C)cc5)c5c6c4c4ccccc4c(c6ccc5)C#Cc4cc(c(C(=O)O)cc4)O)c(c4c1cccc4)c23)c1ccc(C)cc1
3ed_26b_2ea,N(c1ccccc1)c1c2cccc3[C@@](c4ccc(C)cc4)(c4c(sc5c4sc4c5[C@@](c5ccc(C)cc5)(c5ccc(C)cc5)c5c6c4c4ccccc4c(c6ccc5)c4ncc(C(=O)O)cc4)c(c4c1cccc4)c23)c1ccc(C)cc1
3ed_26b_7ea,N(c1ccccc1)c1c2cccc3[C@@](c4ccc(C)cc4)(c4c(sc5c4sc4c5[C@@](c5ccc(C)cc5)(c5ccc(C)cc5)c5c6c4c4ccccc4c(c6ccc5)c4ccc([Si](OC)(OC)OC)cc4)c(c4c1cccc4)c23)c1ccc(C)cc1
3ed_26b_10ea,N(c1ccccc1)c1c2cccc3[C@@](c4ccc(C)cc4)(c4c(sc5c4sc4c5[C@@](c5ccc(C)cc5)(c5ccc(C)cc5)c5c6c4c4ccccc4c(c6ccc5)C#Cc4ccc(C(=O)NO)cc4)c(c4c1cccc4)c23)c1ccc(C)cc1
3ed_26b_9ea,N(c1ccccc1)c1c2cccc3[C@@](c4ccc(C)cc4)(c4c(sc5c4sc4c5[C@@](c5ccc(C)cc5)(c5ccc(C)cc5)c5c6c4c4ccccc4c(c6ccc5)C#CC4=C[CH][C](C(=O)[CH][CH]4)O)c(c4c1cccc4)c23)c1ccc(C)cc1
3ed_26b_1ea,N(c1ccccc1)c1c2cccc3[C@@](c4ccc(C)cc4)(c4c(sc5c4sc4c5[C@@](c5ccc(C)cc5)(c5ccc(C)cc5)c5c6c4c4ccccc4c(c6ccc5)c4ccc(C=C(C#N)C(=O)O)cc4)c(c4c1cccc4)c23)c1ccc(C)cc1
3ed_25b_6ea,N(c1ccccc1)C#Cc1cc(c(c2sc3c(sc4cc(c5c(C)cc(s5)c5ccc(C(=O)O)cc5)sc34)c2)s1)C
3ed_25b_3ea,N(c1ccccc1)C#Cc1cc(c(c2sc3c(sc4cc(c5c(C)cc(s5)c5ncc(C(=O)O)nc5)sc34)c2)s1)C
3ed_25b_8ea,N(c1ccccc1)C#Cc1cc(c(c2sc3c(sc4cc(c5c(C)cc(s5)C=C(C#N)C(=O)O)sc34)c2)s1)C
3ed_25b_11ea,N(c1ccccc1)C#Cc1cc(c(c2sc3c(sc4cc(c5c(C)cc(s5)C#Cc5cc(c(C(=O)O)cc5)O)sc34)c2)s1)C
3ed_25b_5ea,N(c1ccccc1)C#Cc1cc(c(c2sc3c(sc4cc(c5c(C)cc(s5)C5=CC=C(C(=O)O)C5)sc34)c2)s1)C
3ed_25b_2ea,N(c1ccccc1)C#Cc1cc(c(c2sc3c(sc4cc(c5c(C)cc(s5)c5ncc(C(=O)O)cc5)sc34)c2)s1)C
3ed_25b_7ea,N(c1ccccc1)C#Cc1cc(c(c2sc3c(sc4cc(c5c(C)cc(s5)c5ccc([Si](OC)(OC)OC)cc5)sc34)c2)s1)C
3ed_25b_4ea,N(c1ccccc1)C#Cc1cc(c(c2sc3c(sc4cc(c5c(C)cc(s5)c5ccc(C=C(C(=O)O)C#N)s5)sc34)c2)s1)C
3ed_25b_10ea,N(c1ccccc1)C#Cc1cc(c(c2sc3c(sc4cc(c5c(C)cc(s5)C#Cc5ccc(C(=O)NO)cc5)sc34)c2)s1)C
3ed_25b_9ea,N(c1ccccc1)C#Cc1cc(c(c2sc3c(sc4cc(c5c(C)cc(s5)C#CC5=C[CH][C](C(=O)[CH][CH]5)O)sc34)c2)s1)C
3ed_25b_1ea,N(c1ccccc1)C#Cc1cc(c(c2sc3c(sc4cc(c5c(C)cc(s5)c5ccc(C=C(C#N)C(=O)O)cc5)sc34)c2)s1)C
3ed_24b_6ea,N(c1ccccc1)c1sc2c3sc4c(C)c(c5ccc(s5)c5ccc(C(=O)O)cc5)sc4c3sc2c1C
3ed_24b_3ea,N(c1ccccc1)c1sc2c3sc4c(C)c(c5ccc(s5)c5ncc(C(=O)O)nc5)sc4c3sc2c1C
3ed_24b_8ea,N(c1ccccc1)c1sc2c3sc4c(C)c(c5ccc(s5)C=C(C#N)C(=O)O)sc4c3sc2c1C
3ed_24b_11ea,N(c1ccccc1)c1sc2c3sc4c(C)c(c5ccc(s5)C#Cc5cc(c(C(=O)O)cc5)O)sc4c3sc2c1C
3ed_24b_5ea,N(c1ccccc1)c1sc2c3sc4c(C)c(c5ccc(s5)C5=CC=C(C(=O)O)C5)sc4c3sc2c1C
3ed_24b_2ea,N(c1ccccc1)c1sc2c3sc4c(C)c(c5ccc(s5)c5ncc(C(=O)O)cc5)sc4c3sc2c1C
3ed_24b_7ea,N(c1ccccc1)c1sc2c3sc4c(C)c(c5ccc(s5)c5ccc([Si](OC)(OC)OC)cc5)sc4c3sc2c1C
3ed_24b_4ea,N(c1ccccc1)c1sc2c3sc4c(C)c(c5ccc(s5)c5ccc(C=C(C(=O)O)C#N)s5)sc4c3sc2c1C
3ed_24b_10ea,N(c1ccccc1)c1sc2c3sc4c(C)c(c5ccc(s5)C#Cc5ccc(C(=O)NO)cc5)sc4c3sc2c1C
3ed_24b_9ea,N(c1ccccc1)c1sc2c3sc4c(C)c(c5ccc(s5)C#CC5=C[CH][C](C(=O)[CH][CH]5)O)sc4c3sc2c1C
3ed_24b_1ea,N(c1ccccc1)c1sc2c3sc4c(C)c(c5ccc(s5)c5ccc(C=C(C#N)C(=O)O)cc5)sc4c3sc2c1C
3ed_1b_6ea,N(c1ccccc1)c1c2c(c(s1)c1ccc(C(=O)O)cc1)nccn2
3ed_1b_8ea,N(c1ccccc1)c1c2c(c(s1)C=C(C#N)C(=O)O)nccn2
3ed_1b_11ea,N(c1ccccc1)c1c2c(c(s1)C#Cc1cc(c(C(=O)O)cc1)O)nccn2
3ed_1b_5ea,N(c1ccccc1)c1c2c(c(s1)C1=CC=C(C(=O)O)C1)nccn2
3ed_1b_7ea,N(c1ccccc1)c1c2c(c(s1)c1ccc([Si](OC)(OC)OC)cc1)nccn2
3ed_1b_4ea,N(c1ccccc1)c1c2c(c(s1)c1ccc(C=C(C(=O)O)C#N)s1)nccn2
3ed_1b_10ea,N(c1ccccc1)c1c2c(c(s1)C#Cc1ccc(C(=O)NO)cc1)nccn2
3ed_1b_9ea,N(c1ccccc1)c1c2c(c(s1)C#CC1=CC=C(C(=O)[CH][CH]1)O)nccn2
3ed_23b_6ea,N(c1ccccc1)c1cc2n(C)c3c(ccc(c3)c3ccc(C(=O)O)cc3)c2s1
3ed_23b_3ea,N(c1ccccc1)c1cc2n(C)c3c(ccc(c3)c3ncc(C(=O)O)nc3)c2s1
3ed_23b_8ea,N(c1ccccc1)c1cc2n(C)c3c(ccc(c3)C=C(C#N)C(=O)O)c2s1
3ed_23b_11ea,N(c1ccccc1)c1cc2n(C)c3c(ccc(c3)C#Cc3cc(c(C(=O)O)cc3)O)c2s1
3ed_23b_5ea,N(c1ccccc1)c1cc2n(C)c3c(ccc(c3)C3=CC=C(C(=O)O)C3)c2s1
3ed_23b_2ea,N(c1ccccc1)c1cc2n(C)c3c(ccc(c3)c3ncc(C(=O)O)cc3)c2s1
3ed_23b_7ea,N(c1ccccc1)c1cc2n(C)c3c(ccc(c3)c3ccc([Si](OC)(OC)OC)cc3)c2s1
3ed_23b_4ea,N(c1ccccc1)c1cc2n(C)c3c(ccc(c3)c3ccc(C=C(C(=O)O)C#N)s3)c2s1
3ed_23b_10ea,N(c1ccccc1)c1cc2n(C)c3c(ccc(c3)C#Cc3ccc(C(=O)NO)cc3)c2s1
3ed_23b_9ea,N(c1ccccc1)c1cc2n(C)c3c(ccc(c3)C#CC3=C[CH][C](C(=O)[CH][CH]3)O)c2s1
3ed_23b_1ea,N(c1ccccc1)c1cc2n(C)c3c(ccc(c3)c3ccc(C=C(C#N)C(=O)O)cc3)c2s1
3ed_17b_6ea,N(c1ccccc1)c1ccc(o1)c1ccc(C(=O)O)cc1
3ed_17b_3ea,N(c1ccccc1)c1ccc(o1)c1ncc(C(=O)O)nc1
3ed_17b_8ea,N(c1ccccc1)c1ccc(o1)C=C(C#N)C(=O)O
3ed_17b_11ea,N(c1ccccc1)c1ccc(o1)C#Cc1cc(c(C(=O)O)cc1)O
3ed_17b_5ea,N(c1ccccc1)c1ccc(o1)C1=CC=C(C(=O)O)C1
3ed_17b_2ea,N(c1ccccc1)c1ccc(o1)c1ncc(C(=O)O)cc1
3ed_17b_7ea,N(c1ccccc1)c1ccc(o1)c1ccc([Si](OC)(OC)OC)cc1
3ed_17b_4ea,N(c1ccccc1)c1ccc(o1)c1ccc(C=C(C(=O)O)C#N)s1
3ed_17b_10ea,N(c1ccccc1)c1ccc(o1)C#Cc1ccc(C(=O)NO)cc1
3ed_17b_9ea,N(c1ccccc1)c1ccc(o1)C#CC1=C[CH][C](C(=O)[CH][CH]1)O
3ed_17b_1ea,N(c1ccccc1)c1ccc(o1)c1ccc(C=C(C#N)C(=O)O)cc1
3ed_22b_6ea,N(c1ccccc1)c1ncc(c2nc3c4ccc(CC)cc4c4c(c3nc12)ccc(CC)c4)c1ccc(C(=O)O)cc1
3ed_22b_3ea,N(c1ccccc1)c1ncc(c2nc3c4ccc(CC)cc4c4c(c3nc12)ccc(CC)c4)c1ncc(C(=O)O)nc1
3ed_22b_8ea,N(c1ccccc1)c1ncc(c2nc3c4ccc(CC)cc4c4c(c3nc12)ccc(CC)c4)C=C(C#N)C(=O)O
3ed_22b_11ea,N(c1ccccc1)c1ncc(c2nc3c4ccc(CC)cc4c4c(c3nc12)ccc(CC)c4)C#Cc1cc(c(C(=O)O)cc1)O
3ed_22b_5ea,N(c1ccccc1)c1ncc(c2nc3c4ccc(CC)cc4c4c(c3nc12)ccc(CC)c4)C1=CC=C(C(=O)O)C1
3ed_22b_2ea,N(c1ccccc1)c1ncc(c2nc3c4ccc(CC)cc4c4c(c3nc12)ccc(CC)c4)c1ncc(C(=O)O)cc1
3ed_22b_7ea,N(c1ccccc1)c1ncc(c2nc3c4ccc(CC)cc4c4c(c3nc12)ccc(CC)c4)c1ccc([Si](OC)(OC)OC)cc1
3ed_22b_4ea,N(c1ccccc1)c1ncc(c2nc3c4ccc(CC)cc4c4c(c3nc12)ccc(CC)c4)c1ccc(C=C(C(=O)O)C#N)s1
3ed_22b_10ea,N(c1ccccc1)c1ncc(c2nc3c4ccc(CC)cc4c4c(c3nc12)ccc(CC)c4)C#Cc1ccc(C(=O)NO)cc1
3ed_22b_9ea,N(c1ccccc1)c1ncc(c2nc3c4ccc(CC)cc4c4c(c3nc12)ccc(CC)c4)C#CC1=C[CH][C](C(=O)[CH][CH]1)O
3ed_22b_1ea,N(c1ccccc1)c1ncc(c2nc3c4ccc(CC)cc4c4c(c3nc12)ccc(CC)c4)c1ccc(C=C(C#N)C(=O)O)cc1
3ed_16b_6ea,N(c1ccccc1)C1=[S][C@H](c2c1nsn2)c1ccc(C(=O)O)cc1
3ed_16b_8ea,N(c1ccccc1)C1=[S][C@@H](c2c1nsn2)C=C(C#N)C(=O)O
3ed_16b_11ea,N(c1ccccc1)C1=[S][C@H](c2c1nsn2)C#Cc1cc(c(C(=O)O)cc1)O
3ed_16b_5ea,N(c1ccccc1)C1=[S][C@@H](c2c1nsn2)C1=CC=C(C(=O)O)C1
3ed_16b_7ea,N(c1ccccc1)C1=[S][C@@H](c2c1nsn2)c1ccc([Si](OC)(OC)OC)cc1
3ed_16b_4ea,N(c1ccccc1)C1=[S][C@@H](c2c1nsn2)c1ccc(C=C(C(=O)O)C#N)s1
3ed_16b_10ea,N(c1ccccc1)C1=[S][C@@H](c2c1nsn2)C#Cc1ccc(C(=O)NO)cc1
3ed_16b_9ea,N(c1ccccc1)C1=[S][C@@H](c2c1nsn2)C#CC1=C[CH][C](C(=O)[CH][CH]1)O
5ed_21b_6ea,COc1ccc(N(c2ccc(OC)cc2)c2ccc(cc2)c2ncc(c3nc(c4ccc(OC)cc4)c(nc23)c2ccc(OC)cc2)c2ccc(C(=O)O)cc2)cc1
5ed_21b_3ea,COc1ccc(N(c2ccc(OC)cc2)c2ccc(cc2)c2ncc(c3nc(c4ccc(OC)cc4)c(nc23)c2ccc(OC)cc2)c2ncc(C(=O)O)nc2)cc1
5ed_21b_8ea,COc1ccc(N(c2ccc(OC)cc2)c2ccc(cc2)c2ncc(c3nc(c4ccc(OC)cc4)c(nc23)c2ccc(OC)cc2)C=C(C#N)C(=O)O)cc1
5ed_21b_11ea,COc1ccc(N(c2ccc(OC)cc2)c2ccc(cc2)c2ncc(c3nc(c4ccc(OC)cc4)c(nc23)c2ccc(OC)cc2)C#Cc2cc(c(C(=O)O)cc2)O)cc1
5ed_21b_5ea,COc1ccc(N(c2ccc(OC)cc2)c2ccc(cc2)c2ncc(c3nc(c4ccc(OC)cc4)c(nc23)c2ccc(OC)cc2)C2=CC=C(C(=O)O)C2)cc1
5ed_21b_2ea,COc1ccc(N(c2ccc(OC)cc2)c2ccc(cc2)c2ncc(c3nc(c4ccc(OC)cc4)c(nc23)c2ccc(OC)cc2)c2ncc(C(=O)O)cc2)cc1
5ed_21b_7ea,COc1ccc(N(c2ccc(OC)cc2)c2ccc(cc2)c2ncc(c3nc(c4ccc(OC)cc4)c(nc23)c2ccc(OC)cc2)c2ccc([Si](OC)(OC)OC)cc2)cc1
5ed_21b_4ea,COc1ccc(N(c2ccc(OC)cc2)c2ccc(cc2)c2ncc(c3nc(c4ccc(OC)cc4)c(nc23)c2ccc(OC)cc2)c2ccc(C=C(C(=O)O)C#N)s2)cc1
5ed_21b_10ea,COc1ccc(N(c2ccc(OC)cc2)c2ccc(cc2)c2ncc(c3nc(c4ccc(OC)cc4)c(nc23)c2ccc(OC)cc2)C#Cc2ccc(C(=O)NO)cc2)cc1
5ed_21b_1ea,COc1ccc(N(c2ccc(OC)cc2)c2ccc(cc2)c2ncc(c3nc(c4ccc(OC)cc4)c(nc23)c2ccc(OC)cc2)c2ccc(C=C(C#N)C(=O)O)cc2)cc1
5ed_20b_6ea,COc1ccc(N(c2ccc(OC)cc2)c2ccc(cc2)c2c3nc(CC)c(nc3c(s2)c2ccc(C(=O)O)cc2)CC)cc1
5ed_20b_3ea,COc1ccc(N(c2ccc(OC)cc2)c2ccc(cc2)c2c3nc(CC)c(nc3c(s2)c2ncc(C(=O)O)nc2)CC)cc1
5ed_20b_8ea,COc1ccc(N(c2ccc(OC)cc2)c2ccc(cc2)c2c3nc(CC)c(nc3c(s2)C=C(C#N)C(=O)O)CC)cc1
5ed_20b_11ea,COc1ccc(N(c2ccc(OC)cc2)c2ccc(cc2)c2c3nc(CC)c(nc3c(s2)C#Cc2cc(c(C(=O)O)cc2)O)CC)cc1
5ed_20b_5ea,COc1ccc(N(c2ccc(OC)cc2)c2ccc(cc2)c2c3nc(CC)c(nc3c(s2)C2=CC=C(C(=O)O)C2)CC)cc1
5ed_20b_2ea,COc1ccc(N(c2ccc(OC)cc2)c2ccc(cc2)c2c3nc(CC)c(nc3c(s2)c2ncc(C(=O)O)cc2)CC)cc1
5ed_20b_7ea,COc1ccc(N(c2ccc(OC)cc2)c2ccc(cc2)c2c3nc(CC)c(nc3c(s2)c2ccc([Si](OC)(OC)OC)cc2)CC)cc1
5ed_20b_4ea,COc1ccc(N(c2ccc(OC)cc2)c2ccc(cc2)c2c3nc(CC)c(nc3c(s2)c2ccc(C=C(C(=O)O)C#N)s2)CC)cc1
5ed_20b_10ea,COc1ccc(N(c2ccc(OC)cc2)c2ccc(cc2)c2c3nc(CC)c(nc3c(s2)C#Cc2ccc(C(=O)NO)cc2)CC)cc1
5ed_20b_9ea,COc1ccc(N(c2ccc(OC)cc2)c2ccc(cc2)c2c3nc(CC)c(nc3c(s2)C#CC2=C[CH][C](C(=O)[CH][CH]2)O)CC)cc1
5ed_20b_1ea,COc1ccc(N(c2ccc(OC)cc2)c2ccc(cc2)c2c3nc(CC)c(nc3c(s2)c2ccc(C=C(C#N)C(=O)O)cc2)CC)cc1
5ed_6b_6ea,COc1ccc(N(c2ccc(OC)cc2)c2ccc(cc2)c2sc3c4c(cc(s4)c4ccc(C(=O)O)cc4)n(c3c2)c2ccccc2)cc1
5ed_6b_8ea,COc1ccc(N(c2ccc(OC)cc2)c2ccc(cc2)c2sc3c4c(cc(s4)C=C(C#N)C(=O)O)n(c3c2)c2ccccc2)cc1
5ed_6b_11ea,COc1ccc(N(c2ccc(OC)cc2)c2ccc(cc2)c2sc3c4c(cc(s4)C#Cc4cc(c(C(=O)O)cc4)O)n(c3c2)c2ccccc2)cc1
5ed_6b_5ea,COc1ccc(N(c2ccc(OC)cc2)c2ccc(cc2)c2sc3c4c(cc(s4)C4=CC=C(C(=O)O)C4)n(c3c2)c2ccccc2)cc1
5ed_6b_7ea,COc1ccc(N(c2ccc(OC)cc2)c2ccc(cc2)c2sc3c4c(cc(s4)c4ccc([Si](OC)(OC)OC)cc4)n(c3c2)c2ccccc2)cc1
5ed_6b_4ea,COc1ccc(N(c2ccc(OC)cc2)c2ccc(cc2)c2sc3c4c(cc(s4)c4ccc(C=C(C(=O)O)C#N)s4)n(c3c2)c2ccccc2)cc1
5ed_6b_10ea,COc1ccc(N(c2ccc(OC)cc2)c2ccc(cc2)c2sc3c4c(cc(s4)C#Cc4ccc(C(=O)NO)cc4)n(c3c2)c2ccccc2)cc1
5ed_6b_9ea,COc1ccc(N(c2ccc(OC)cc2)c2ccc(cc2)c2sc3c4c(cc(s4)C#CC4=CC=C(C(=O)[CH][CH]4)O)n(c3c2)c2ccccc2)cc1
5ed_26b_6ea,COc1ccc(N(c2ccc(OC)cc2)c2ccc(cc2)c2c3cccc4[C@@](c5ccc(C)cc5)(c5c(sc6c5sc5c6[C@@](c6ccc(C)cc6)(c6ccc(C)cc6)c6c7c5c5ccccc5c(c7ccc6)c5ccc(C(=O)O)cc5)c(c5c2cccc5)c34)c2ccc(C)cc2)cc1
5ed_26b_3ea,COc1ccc(N(c2ccc(OC)cc2)c2ccc(cc2)c2c3cccc4[C@@](c5ccc(C)cc5)(c5c(sc6c5sc5c6[C@@](c6ccc(C)cc6)(c6ccc(C)cc6)c6c7c5c5ccccc5c(c7ccc6)c5ncc(C(=O)O)nc5)c(c5c2cccc5)c34)c2ccc(C)cc2)cc1
5ed_26b_5ea,COc1ccc(N(c2ccc(OC)cc2)c2ccc(cc2)c2c3cccc4[C@@](c5ccc(C)cc5)(c5c(sc6c5sc5c6[C@@](c6ccc(C)cc6)(c6ccc(C)cc6)c6c7c5c5ccccc5c(c7ccc6)C5=CC=C(C(=O)O)C5)c(c5c2cccc5)c34)c2ccc(C)cc2)cc1
5ed_26b_10ea,COc1ccc(N(c2ccc(OC)cc2)c2ccc(cc2)c2c3cccc4[C@@](c5ccc(C)cc5)(c5c(sc6c5sc5c6[C@@](c6ccc(C)cc6)(c6ccc(C)cc6)c6c7c5c5ccccc5c(c7ccc6)C#Cc5ccc(C(=O)NO)cc5)c(c5c2cccc5)c34)c2ccc(C)cc2)cc1
5ed_26b_9ea,COc1ccc(N(c2ccc(OC)cc2)c2ccc(cc2)c2c3cccc4[C@@](c5ccc(C)cc5)(c5c(sc6c5sc5c6[C@@](c6ccc(C)cc6)(c6ccc(C)cc6)c6c7c5c5ccccc5c(c7ccc6)C#CC5=C[CH][C](C(=O)[CH][CH]5)O)c(c5c2cccc5)c34)c2ccc(C)cc2)cc1
5ed_25b_6ea,COc1ccc(N(c2ccc(OC)cc2)c2ccc(cc2)C#Cc2cc(c(c3sc4c(sc5cc(c6c(C)cc(s6)c6ccc(C(=O)O)cc6)sc45)c3)s2)C)cc1
5ed_25b_3ea,COc1ccc(N(c2ccc(OC)cc2)c2ccc(cc2)C#Cc2cc(c(c3sc4c(sc5cc(c6c(C)cc(s6)c6ncc(C(=O)O)nc6)sc45)c3)s2)C)cc1
5ed_25b_8ea,COc1ccc(N(c2ccc(OC)cc2)c2ccc(cc2)C#Cc2cc(c(c3sc4c(sc5cc(c6c(C)cc(s6)C=C(C#N)C(=O)O)sc45)c3)s2)C)cc1
5ed_25b_11ea,COc1ccc(N(c2ccc(OC)cc2)c2ccc(cc2)C#Cc2cc(c(c3sc4c(sc5cc(c6c(C)cc(s6)C#Cc6cc(c(C(=O)O)cc6)O)sc45)c3)s2)C)cc1
5ed_25b_5ea,COc1ccc(N(c2ccc(OC)cc2)c2ccc(cc2)C#Cc2cc(c(c3sc4c(sc5cc(c6c(C)cc(s6)C6=CC=C(C(=O)O)C6)sc45)c3)s2)C)cc1
5ed_25b_2ea,COc1ccc(N(c2ccc(OC)cc2)c2ccc(cc2)C#Cc2cc(c(c3sc4c(sc5cc(c6c(C)cc(s6)c6ncc(C(=O)O)cc6)sc45)c3)s2)C)cc1
5ed_25b_7ea,COc1ccc(N(c2ccc(OC)cc2)c2ccc(cc2)C#Cc2cc(c(c3sc4c(sc5cc(c6c(C)cc(s6)c6ccc([Si](OC)(OC)OC)cc6)sc45)c3)s2)C)cc1
5ed_25b_4ea,COc1ccc(N(c2ccc(OC)cc2)c2ccc(cc2)C#Cc2cc(c(c3sc4c(sc5cc(c6c(C)cc(s6)c6ccc(C=C(C(=O)O)C#N)s6)sc45)c3)s2)C)cc1
5ed_25b_10ea,COc1ccc(N(c2ccc(OC)cc2)c2ccc(cc2)C#Cc2cc(c(c3sc4c(sc5cc(c6c(C)cc(s6)C#Cc6ccc(C(=O)NO)cc6)sc45)c3)s2)C)cc1
5ed_25b_9ea,COc1ccc(N(c2ccc(OC)cc2)c2ccc(cc2)C#Cc2cc(c(c3sc4c(sc5cc(c6c(C)cc(s6)C#CC6=C[CH][C](C(=O)[CH][CH]6)O)sc45)c3)s2)C)cc1
5ed_25b_1ea,COc1ccc(N(c2ccc(OC)cc2)c2ccc(cc2)C#Cc2cc(c(c3sc4c(sc5cc(c6c(C)cc(s6)c6ccc(C=C(C#N)C(=O)O)cc6)sc45)c3)s2)C)cc1
5ed_24b_6ea,COc1ccc(N(c2ccc(OC)cc2)c2ccc(cc2)c2sc3c4sc5c(C)c(c6ccc(s6)c6ccc(C(=O)O)cc6)sc5c4sc3c2C)cc1
5ed_24b_3ea,COc1ccc(N(c2ccc(OC)cc2)c2ccc(cc2)c2sc3c4sc5c(C)c(c6ccc(s6)c6ncc(C(=O)O)nc6)sc5c4sc3c2C)cc1
5ed_24b_8ea,COc1ccc(N(c2ccc(OC)cc2)c2ccc(cc2)c2sc3c4sc5c(C)c(c6ccc(s6)C=C(C#N)C(=O)O)sc5c4sc3c2C)cc1
5ed_24b_11ea,COc1ccc(N(c2ccc(OC)cc2)c2ccc(cc2)c2sc3c4sc5c(C)c(c6ccc(s6)C#Cc6cc(c(C(=O)O)cc6)O)sc5c4sc3c2C)cc1
5ed_24b_5ea,COc1ccc(N(c2ccc(OC)cc2)c2ccc(cc2)c2sc3c4sc5c(C)c(c6ccc(s6)C6=CC=C(C(=O)O)C6)sc5c4sc3c2C)cc1
5ed_24b_2ea,COc1ccc(N(c2ccc(OC)cc2)c2ccc(cc2)c2sc3c4sc5c(C)c(c6ccc(s6)c6ncc(C(=O)O)cc6)sc5c4sc3c2C)cc1
5ed_24b_7ea,COc1ccc(N(c2ccc(OC)cc2)c2ccc(cc2)c2sc3c4sc5c(C)c(c6ccc(s6)c6ccc([Si](OC)(OC)OC)cc6)sc5c4sc3c2C)cc1
5ed_24b_4ea,COc1ccc(N(c2ccc(OC)cc2)c2ccc(cc2)c2sc3c4sc5c(C)c(c6ccc(s6)c6ccc(C=C(C(=O)O)C#N)s6)sc5c4sc3c2C)cc1
5ed_24b_10ea,COc1ccc(N(c2ccc(OC)cc2)c2ccc(cc2)c2sc3c4sc5c(C)c(c6ccc(s6)C#Cc6ccc(C(=O)NO)cc6)sc5c4sc3c2C)cc1
5ed_24b_9ea,COc1ccc(N(c2ccc(OC)cc2)c2ccc(cc2)c2sc3c4sc5c(C)c(c6ccc(s6)C#CC6=CC=C(C(=O)[CH][CH]6)O)sc5c4sc3c2C)cc1
5ed_24b_1ea,COc1ccc(N(c2ccc(OC)cc2)c2ccc(cc2)c2sc3c4sc5c(C)c(c6ccc(s6)c6ccc(C=C(C#N)C(=O)O)cc6)sc5c4sc3c2C)cc1
5ed_1b_6ea,COc1ccc(N(c2ccc(OC)cc2)c2ccc(cc2)c2c3c(c(s2)c2ccc(C(=O)O)cc2)nccn3)cc1
5ed_1b_8ea,COc1ccc(N(c2ccc(OC)cc2)c2ccc(cc2)c2c3c(c(s2)C=C(C#N)C(=O)O)nccn3)cc1
5ed_1b_11ea,COc1ccc(N(c2ccc(OC)cc2)c2ccc(cc2)c2c3c(c(s2)C#Cc2cc(c(C(=O)O)cc2)O)nccn3)cc1
5ed_1b_5ea,COc1ccc(N(c2ccc(OC)cc2)c2ccc(cc2)c2c3c(c(s2)C2=CC=C(C(=O)O)C2)nccn3)cc1
5ed_1b_7ea,COc1ccc(N(c2ccc(OC)cc2)c2ccc(cc2)c2c3c(c(s2)c2ccc([Si](OC)(OC)OC)cc2)nccn3)cc1
5ed_1b_4ea,COc1ccc(N(c2ccc(OC)cc2)c2ccc(cc2)c2c3c(c(s2)c2ccc(C=C(C(=O)O)C#N)s2)nccn3)cc1
5ed_1b_10ea,COc1ccc(N(c2ccc(OC)cc2)c2ccc(cc2)c2c3c(c(s2)C#Cc2ccc(C(=O)NO)cc2)nccn3)cc1
5ed_1b_9ea,COc1ccc(N(c2ccc(OC)cc2)c2ccc(cc2)c2c3c(c(s2)C#CC2=C[CH][C](C(=O)[CH][CH]2)O)nccn3)cc1
5ed_23b_6ea,COc1ccc(N(c2ccc(OC)cc2)c2ccc(cc2)c2cc3n(C)c4c(ccc(c4)c4ccc(C(=O)O)cc4)c3s2)cc1
5ed_23b_3ea,COc1ccc(N(c2ccc(OC)cc2)c2ccc(cc2)c2cc3n(C)c4c(ccc(c4)c4ncc(C(=O)O)nc4)c3s2)cc1
5ed_23b_8ea,COc1ccc(N(c2ccc(OC)cc2)c2ccc(cc2)c2cc3n(C)c4c(ccc(c4)C=C(C#N)C(=O)O)c3s2)cc1
5ed_23b_11ea,COc1ccc(N(c2ccc(OC)cc2)c2ccc(cc2)c2cc3n(C)c4c(ccc(c4)C#Cc4cc(c(C(=O)O)cc4)O)c3s2)cc1
5ed_23b_5ea,COc1ccc(N(c2ccc(OC)cc2)c2ccc(cc2)c2cc3n(C)c4c(ccc(c4)C4=CC=C(C(=O)O)C4)c3s2)cc1
5ed_23b_2ea,COc1ccc(N(c2ccc(OC)cc2)c2ccc(cc2)c2cc3n(C)c4c(ccc(c4)c4ncc(C(=O)O)cc4)c3s2)cc1
5ed_23b_7ea,COc1ccc(N(c2ccc(OC)cc2)c2ccc(cc2)c2cc3n(C)c4c(ccc(c4)c4ccc([Si](OC)(OC)OC)cc4)c3s2)cc1
5ed_23b_4ea,COc1ccc(N(c2ccc(OC)cc2)c2ccc(cc2)c2cc3n(C)c4c(ccc(c4)c4ccc(C=C(C(=O)O)C#N)s4)c3s2)cc1
5ed_23b_10ea,COc1ccc(N(c2ccc(OC)cc2)c2ccc(cc2)c2cc3n(C)c4c(ccc(c4)C#Cc4ccc(C(=O)NO)cc4)c3s2)cc1
5ed_23b_9ea,COc1ccc(N(c2ccc(OC)cc2)c2ccc(cc2)c2cc3n(C)c4c(ccc(c4)C#CC4=C[CH][C](C(=O)[CH][CH]4)O)c3s2)cc1
5ed_23b_1ea,COc1ccc(N(c2ccc(OC)cc2)c2ccc(cc2)c2cc3n(C)c4c(ccc(c4)c4ccc(C=C(C#N)C(=O)O)cc4)c3s2)cc1
5ed_17b_6ea,COc1ccc(N(c2ccc(OC)cc2)c2ccc(cc2)c2ccc(o2)c2ccc(C(=O)O)cc2)cc1
5ed_17b_3ea,COc1ccc(N(c2ccc(OC)cc2)c2ccc(cc2)c2ccc(o2)c2ncc(C(=O)O)nc2)cc1
5ed_17b_8ea,COc1ccc(N(c2ccc(OC)cc2)c2ccc(cc2)c2ccc(o2)C=C(C#N)C(=O)O)cc1
5ed_17b_11ea,COc1ccc(N(c2ccc(OC)cc2)c2ccc(cc2)c2ccc(o2)C#Cc2cc(c(C(=O)O)cc2)O)cc1
5ed_17b_5ea,COc1ccc(N(c2ccc(OC)cc2)c2ccc(cc2)c2ccc(o2)C2=CC=C(C(=O)O)C2)cc1
5ed_17b_2ea,COc1ccc(N(c2ccc(OC)cc2)c2ccc(cc2)c2ccc(o2)c2ncc(C(=O)O)cc2)cc1
5ed_17b_7ea,COc1ccc(N(c2ccc(OC)cc2)c2ccc(cc2)c2ccc(o2)c2ccc([Si](OC)(OC)OC)cc2)cc1
5ed_17b_4ea,COc1ccc(N(c2ccc(OC)cc2)c2ccc(cc2)c2ccc(o2)c2ccc(C=C(C(=O)O)C#N)s2)cc1
5ed_17b_10ea,COc1ccc(N(c2ccc(OC)cc2)c2ccc(cc2)c2ccc(o2)C#Cc2ccc(C(=O)NO)cc2)cc1
5ed_17b_9ea,COc1ccc(N(c2ccc(OC)cc2)c2ccc(cc2)c2ccc(o2)C#CC2=CC=C(C(=O)[CH][CH]2)O)cc1
5ed_17b_1ea,COc1ccc(N(c2ccc(OC)cc2)c2ccc(cc2)c2ccc(o2)c2ccc(C=C(C#N)C(=O)O)cc2)cc1
5ed_22b_8ea,COc1ccc(N(c2ccc(OC)cc2)c2ccc(cc2)c2ncc(c3nc4c5ccc(CC)cc5c5c(c4nc23)ccc(CC)c5)C=C(C#N)C(=O)O)cc1
5ed_22b_11ea,COc1ccc(N(c2ccc(OC)cc2)c2ccc(cc2)c2ncc(c3nc4c5ccc(CC)cc5c5c(c4nc23)ccc(CC)c5)C#Cc2cc(c(C(=O)O)cc2)O)cc1
5ed_22b_5ea,COc1ccc(N(c2ccc(OC)cc2)c2ccc(cc2)c2ncc(c3nc4c5ccc(CC)cc5c5c(c4nc23)ccc(CC)c5)C2=CC=C(C(=O)O)C2)cc1
5ed_22b_2ea,COc1ccc(N(c2ccc(OC)cc2)c2ccc(cc2)c2ncc(c3nc4c5ccc(CC)cc5c5c(c4nc23)ccc(CC)c5)c2ncc(C(=O)O)cc2)cc1
5ed_22b_7ea,COc1ccc(N(c2ccc(OC)cc2)c2ccc(cc2)c2ncc(c3nc4c5ccc(CC)cc5c5c(c4nc23)ccc(CC)c5)c2ccc([Si](OC)(OC)OC)cc2)cc1
5ed_22b_4ea,COc1ccc(N(c2ccc(OC)cc2)c2ccc(cc2)c2ncc(c3nc4c5ccc(CC)cc5c5c(c4nc23)ccc(CC)c5)c2ccc(C=C(C(=O)O)C#N)s2)cc1
5ed_22b_9ea,COc1ccc(N(c2ccc(OC)cc2)c2ccc(cc2)c2ncc(c3nc4c5ccc(CC)cc5c5c(c4nc23)ccc(CC)c5)C#CC2=CC=C(C(=O)[CH][CH]2)O)cc1
5ed_22b_1ea,COc1ccc(N(c2ccc(OC)cc2)c2ccc(cc2)c2ncc(c3nc4c5ccc(CC)cc5c5c(c4nc23)ccc(CC)c5)c2ccc(C=C(C#N)C(=O)O)cc2)cc1
5ed_16b_6ea,COc1ccc(N(c2ccc(OC)cc2)c2ccc(cc2)[C@H]2c3c(C(=[S]2)c2ccc(C(=O)O)cc2)nsn3)cc1
5ed_16b_8ea,COc1ccc(N(c2ccc(OC)cc2)c2ccc(cc2)[C@H]2c3c(C(=[S]2)C=C(C#N)C(=O)O)nsn3)cc1
5ed_16b_11ea,COc1ccc(N(c2ccc(OC)cc2)c2ccc(cc2)[C@@H]2c3c(C(=[S]2)C#Cc2cc(c(C(=O)O)cc2)O)nsn3)cc1
5ed_16b_5ea,COc1ccc(N(c2ccc(OC)cc2)c2ccc(cc2)[C@@H]2c3c(C(=[S]2)C2=CC=C(C(=O)O)C2)nsn3)cc1
5ed_16b_7ea,COc1ccc(N(c2ccc(OC)cc2)c2ccc(cc2)[C@H]2c3c(C(=[S]2)c2ccc([Si](OC)(OC)OC)cc2)nsn3)cc1
5ed_16b_4ea,COc1ccc(N(c2ccc(OC)cc2)c2ccc(cc2)[C@H]2c3c(C(=[S]2)c2ccc(C=C(C(=O)O)C#N)s2)nsn3)cc1
5ed_16b_10ea,COc1ccc(N(c2ccc(OC)cc2)c2ccc(cc2)[C@H]2c3c(C(=[S]2)C#Cc2ccc(C(=O)NO)cc2)nsn3)cc1
5ed_16b_9ea,COc1ccc(N(c2ccc(OC)cc2)c2ccc(cc2)[C@H]2c3c(C(=[S]2)C#CC2=CC=C(C(=O)[CH][CH]2)O)nsn3)cc1
2ed_21b_6ea,N(c1ccccc1)(c1ccccc1)c1ncc(c2nc(c3ccc(OC)cc3)c(nc12)c1ccc(OC)cc1)c1ccc(C(=O)O)cc1
2ed_21b_3ea,N(c1ccccc1)(c1ccccc1)c1ncc(c2nc(c3ccc(OC)cc3)c(nc12)c1ccc(OC)cc1)c1ncc(C(=O)O)nc1
2ed_21b_8ea,N(c1ccccc1)(c1ccccc1)c1ncc(c2nc(c3ccc(OC)cc3)c(nc12)c1ccc(OC)cc1)C=C(C#N)C(=O)O
2ed_21b_5ea,N(c1ccccc1)(c1ccccc1)c1ncc(c2nc(c3ccc(OC)cc3)c(nc12)c1ccc(OC)cc1)C1=CC=C(C(=O)O)C1
2ed_21b_2ea,N(c1ccccc1)(c1ccccc1)c1ncc(c2nc(c3ccc(OC)cc3)c(nc12)c1ccc(OC)cc1)c1ncc(C(=O)O)cc1
2ed_21b_4ea,N(c1ccccc1)(c1ccccc1)c1ncc(c2nc(c3ccc(OC)cc3)c(nc12)c1ccc(OC)cc1)c1ccc(C=C(C(=O)O)C#N)s1
2ed_21b_10ea,N(c1ccccc1)(c1ccccc1)c1ncc(c2nc(c3ccc(OC)cc3)c(nc12)c1ccc(OC)cc1)C#Cc1ccc(C(=O)NO)cc1
2ed_21b_9ea,N(c1ccccc1)(c1ccccc1)c1ncc(c2nc(c3ccc(OC)cc3)c(nc12)c1ccc(OC)cc1)C#CC1=C[CH][C](C(=O)[CH][CH]1)O
2ed_21b_1ea,N(c1ccccc1)(c1ccccc1)c1ncc(c2nc(c3ccc(OC)cc3)c(nc12)c1ccc(OC)cc1)c1ccc(C=C(C#N)C(=O)O)cc1
2ed_20b_6ea,N(c1ccccc1)(c1ccccc1)c1c2nc(CC)c(nc2c(s1)c1ccc(C(=O)O)cc1)CC
2ed_20b_3ea,N(c1ccccc1)(c1ccccc1)c1c2nc(CC)c(nc2c(s1)c1ncc(C(=O)O)nc1)CC
2ed_20b_8ea,N(c1ccccc1)(c1ccccc1)c1c2nc(CC)c(nc2c(s1)C=C(C#N)C(=O)O)CC
2ed_20b_11ea,N(c1ccccc1)(c1ccccc1)c1c2nc(CC)c(nc2c(s1)C#Cc1cc(c(C(=O)O)cc1)O)CC
2ed_20b_5ea,N(c1ccccc1)(c1ccccc1)c1c2nc(CC)c(nc2c(s1)C1=CC=C(C(=O)O)C1)CC
2ed_20b_2ea,N(c1ccccc1)(c1ccccc1)c1c2nc(CC)c(nc2c(s1)c1ncc(C(=O)O)cc1)CC
2ed_20b_7ea,N(c1ccccc1)(c1ccccc1)c1c2nc(CC)c(nc2c(s1)c1ccc([Si](OC)(OC)OC)cc1)CC
2ed_20b_4ea,N(c1ccccc1)(c1ccccc1)c1c2nc(CC)c(nc2c(s1)c1ccc(C=C(C(=O)O)C#N)s1)CC
2ed_20b_10ea,N(c1ccccc1)(c1ccccc1)c1c2nc(CC)c(nc2c(s1)C#Cc1ccc(C(=O)NO)cc1)CC
2ed_20b_1ea,N(c1ccccc1)(c1ccccc1)c1c2nc(CC)c(nc2c(s1)c1ccc(C=C(C#N)C(=O)O)cc1)CC
2ed_6b_6ea,N(c1ccccc1)(c1ccccc1)c1sc2c3c(cc(s3)c3ccc(C(=O)O)cc3)n(c2c1)c1ccccc1
2ed_6b_8ea,N(c1ccccc1)(c1ccccc1)c1sc2c3c(cc(s3)C=C(C#N)C(=O)O)n(c2c1)c1ccccc1
2ed_6b_11ea,N(c1ccccc1)(c1ccccc1)c1sc2c3c(cc(s3)C#Cc3cc(c(C(=O)O)cc3)O)n(c2c1)c1ccccc1
2ed_6b_5ea,N(c1ccccc1)(c1ccccc1)c1sc2c3c(cc(s3)C3=CC=C(C(=O)O)C3)n(c2c1)c1ccccc1
2ed_6b_7ea,N(c1ccccc1)(c1ccccc1)c1sc2c3c(cc(s3)c3ccc([Si](OC)(OC)OC)cc3)n(c2c1)c1ccccc1
2ed_6b_4ea,N(c1ccccc1)(c1ccccc1)c1sc2c3c(cc(s3)c3ccc(C=C(C(=O)O)C#N)s3)n(c2c1)c1ccccc1
2ed_6b_10ea,N(c1ccccc1)(c1ccccc1)c1sc2c3c(cc(s3)C#Cc3ccc(C(=O)NO)cc3)n(c2c1)c1ccccc1
2ed_6b_9ea,N(c1ccccc1)(c1ccccc1)c1sc2c3c(cc(s3)C#CC3=CC=C(C(=O)[CH][CH]3)O)n(c2c1)c1ccccc1
2ed_26b_6ea,N(c1ccccc1)(c1ccccc1)c1c2cccc3[C@@](c4ccc(C)cc4)(c4c(sc5c4sc4c5[C@@](c5ccc(C)cc5)(c5ccc(C)cc5)c5c6c4c4ccccc4c(c6ccc5)c4ccc(C(=O)O)cc4)c(c4c1cccc4)c23)c1ccc(C)cc1
2ed_26b_8ea,N(c1ccccc1)(c1ccccc1)c1c2cccc3[C@@](c4ccc(C)cc4)(c4c(sc5c4sc4c5[C@@](c5ccc(C)cc5)(c5ccc(C)cc5)c5c6c4c4ccccc4c(c6ccc5)C=C(C#N)C(=O)O)c(c4c1cccc4)c23)c1ccc(C)cc1
2ed_26b_5ea,N(c1ccccc1)(c1ccccc1)c1c2cccc3[C@@](c4ccc(C)cc4)(c4c(sc5c4sc4c5[C@@](c5ccc(C)cc5)(c5ccc(C)cc5)c5c6c4c4ccccc4c(c6ccc5)C4=CC=C(C(=O)O)C4)c(c4c1cccc4)c23)c1ccc(C)cc1
2ed_26b_4ea,N(c1ccccc1)(c1ccccc1)c1c2cccc3[C@@](c4ccc(C)cc4)(c4c(sc5c4sc4c5[C@@](c5ccc(C)cc5)(c5ccc(C)cc5)c5c6c4c4ccccc4c(c6ccc5)c4ccc(C=C(C(=O)O)C#N)s4)c(c4c1cccc4)c23)c1ccc(C)cc1
2ed_26b_10ea,N(c1ccccc1)(c1ccccc1)c1c2cccc3[C@@](c4ccc(C)cc4)(c4c(sc5c4sc4c5[C@@](c5ccc(C)cc5)(c5ccc(C)cc5)c5c6c4c4ccccc4c(c6ccc5)C#Cc4ccc(C(=O)NO)cc4)c(c4c1cccc4)c23)c1ccc(C)cc1
2ed_26b_9ea,N(c1ccccc1)(c1ccccc1)c1c2cccc3[C@@](c4ccc(C)cc4)(c4c(sc5c4sc4c5[C@@](c5ccc(C)cc5)(c5ccc(C)cc5)c5c6c4c4ccccc4c(c6ccc5)C#CC4=CC=C(C(=O)[CH][CH]4)O)c(c4c1cccc4)c23)c1ccc(C)cc1
2ed_25b_6ea,N(c1ccccc1)(c1ccccc1)C#Cc1cc(c(c2sc3c(sc4cc(c5c(C)cc(s5)c5ccc(C(=O)O)cc5)sc34)c2)s1)C
2ed_25b_3ea,N(c1ccccc1)(c1ccccc1)C#Cc1cc(c(c2sc3c(sc4cc(c5c(C)cc(s5)c5ncc(C(=O)O)nc5)sc34)c2)s1)C
2ed_25b_8ea,N(c1ccccc1)(c1ccccc1)C#Cc1cc(c(c2sc3c(sc4cc(c5c(C)cc(s5)C=C(C#N)C(=O)O)sc34)c2)s1)C
2ed_25b_11ea,N(c1ccccc1)(c1ccccc1)C#Cc1cc(c(c2sc3c(sc4cc(c5c(C)cc(s5)C#Cc5cc(c(C(=O)O)cc5)O)sc34)c2)s1)C
2ed_25b_2ea,N(c1ccccc1)(c1ccccc1)C#Cc1cc(c(c2sc3c(sc4cc(c5c(C)cc(s5)c5ncc(C(=O)O)cc5)sc34)c2)s1)C
2ed_25b_7ea,N(c1ccccc1)(c1ccccc1)C#Cc1cc(c(c2sc3c(sc4cc(c5c(C)cc(s5)c5ccc([Si](OC)(OC)OC)cc5)sc34)c2)s1)C
2ed_25b_4ea,N(c1ccccc1)(c1ccccc1)C#Cc1cc(c(c2sc3c(sc4cc(c5c(C)cc(s5)c5ccc(C=C(C(=O)O)C#N)s5)sc34)c2)s1)C
2ed_25b_10ea,N(c1ccccc1)(c1ccccc1)C#Cc1cc(c(c2sc3c(sc4cc(c5c(C)cc(s5)C#Cc5ccc(C(=O)NO)cc5)sc34)c2)s1)C
2ed_25b_9ea,N(c1ccccc1)(c1ccccc1)C#Cc1cc(c(c2sc3c(sc4cc(c5c(C)cc(s5)C#CC5=C[CH][C](C(=O)[CH][CH]5)O)sc34)c2)s1)C
2ed_25b_1ea,N(c1ccccc1)(c1ccccc1)C#Cc1cc(c(c2sc3c(sc4cc(c5c(C)cc(s5)c5ccc(C=C(C#N)C(=O)O)cc5)sc34)c2)s1)C
2ed_24b_6ea,N(c1ccccc1)(c1ccccc1)c1sc2c3sc4c(C)c(c5ccc(s5)c5ccc(C(=O)O)cc5)sc4c3sc2c1C
2ed_24b_3ea,N(c1ccccc1)(c1ccccc1)c1sc2c3sc4c(C)c(c5ccc(s5)c5ncc(C(=O)O)nc5)sc4c3sc2c1C
2ed_24b_8ea,N(c1ccccc1)(c1ccccc1)c1sc2c3sc4c(C)c(c5ccc(s5)C=C(C#N)C(=O)O)sc4c3sc2c1C
2ed_24b_11ea,N(c1ccccc1)(c1ccccc1)c1sc2c3sc4c(C)c(c5ccc(s5)C#Cc5cc(c(C(=O)O)cc5)O)sc4c3sc2c1C
2ed_24b_5ea,N(c1ccccc1)(c1ccccc1)c1sc2c3sc4c(C)c(c5ccc(s5)C5=CC=C(C(=O)O)C5)sc4c3sc2c1C
2ed_24b_2ea,N(c1ccccc1)(c1ccccc1)c1sc2c3sc4c(C)c(c5ccc(s5)c5ncc(C(=O)O)cc5)sc4c3sc2c1C
2ed_24b_7ea,N(c1ccccc1)(c1ccccc1)c1sc2c3sc4c(C)c(c5ccc(s5)c5ccc([Si](OC)(OC)OC)cc5)sc4c3sc2c1C
2ed_24b_4ea,N(c1ccccc1)(c1ccccc1)c1sc2c3sc4c(C)c(c5ccc(s5)c5ccc(C=C(C(=O)O)C#N)s5)sc4c3sc2c1C
2ed_24b_10ea,N(c1ccccc1)(c1ccccc1)c1sc2c3sc4c(C)c(c5ccc(s5)C#Cc5ccc(C(=O)NO)cc5)sc4c3sc2c1C
2ed_24b_9ea,N(c1ccccc1)(c1ccccc1)c1sc2c3sc4c(C)c(c5ccc(s5)C#CC5=CC=C(C(=O)[CH][CH]5)O)sc4c3sc2c1C
2ed_24b_1ea,N(c1ccccc1)(c1ccccc1)c1sc2c3sc4c(C)c(c5ccc(s5)c5ccc(C=C(C#N)C(=O)O)cc5)sc4c3sc2c1C
2ed_1b_6ea,N(c1ccccc1)(c1ccccc1)c1c2c(c(s1)c1ccc(C(=O)O)cc1)nccn2
2ed_1b_8ea,N(c1ccccc1)(c1ccccc1)c1c2c(c(s1)C=C(C#N)C(=O)O)nccn2
2ed_1b_11ea,N(c1ccccc1)(c1ccccc1)c1c2c(c(s1)C#Cc1cc(c(C(=O)O)cc1)O)nccn2
2ed_1b_5ea,N(c1ccccc1)(c1ccccc1)c1c2c(c(s1)C1=CC=C(C(=O)O)C1)nccn2
2ed_1b_7ea,N(c1ccccc1)(c1ccccc1)c1c2c(c(s1)c1ccc([Si](OC)(OC)OC)cc1)nccn2
2ed_1b_4ea,N(c1ccccc1)(c1ccccc1)c1c2c(c(s1)c1ccc(C=C(C(=O)O)C#N)s1)nccn2
2ed_1b_10ea,N(c1ccccc1)(c1ccccc1)c1c2c(c(s1)C#Cc1ccc(C(=O)NO)cc1)nccn2
2ed_1b_9ea,N(c1ccccc1)(c1ccccc1)c1c2c(c(s1)C#CC1=CC=C(C(=O)[CH][CH]1)O)nccn2
2ed_23b_6ea,N(c1ccccc1)(c1ccccc1)c1cc2n(C)c3c(ccc(c3)c3ccc(C(=O)O)cc3)c2s1
2ed_23b_3ea,N(c1ccccc1)(c1ccccc1)c1cc2n(C)c3c(ccc(c3)c3ncc(C(=O)O)nc3)c2s1
2ed_23b_8ea,N(c1ccccc1)(c1ccccc1)c1cc2n(C)c3c(ccc(c3)C=C(C#N)C(=O)O)c2s1
2ed_23b_11ea,N(c1ccccc1)(c1ccccc1)c1cc2n(C)c3c(ccc(c3)C#Cc3cc(c(C(=O)O)cc3)O)c2s1
2ed_23b_5ea,N(c1ccccc1)(c1ccccc1)c1cc2n(C)c3c(ccc(c3)C3=CC=C(C(=O)O)C3)c2s1
2ed_23b_2ea,N(c1ccccc1)(c1ccccc1)c1cc2n(C)c3c(ccc(c3)c3ncc(C(=O)O)cc3)c2s1
2ed_23b_7ea,N(c1ccccc1)(c1ccccc1)c1cc2n(C)c3c(ccc(c3)c3ccc([Si](OC)(OC)OC)cc3)c2s1
2ed_23b_4ea,N(c1ccccc1)(c1ccccc1)c1cc2n(C)c3c(ccc(c3)c3ccc(C=C(C(=O)O)C#N)s3)c2s1
2ed_23b_10ea,N(c1ccccc1)(c1ccccc1)c1cc2n(C)c3c(ccc(c3)C#Cc3ccc(C(=O)NO)cc3)c2s1
2ed_23b_9ea,N(c1ccccc1)(c1ccccc1)c1cc2n(C)c3c(ccc(c3)C#CC3=C[CH][C](C(=O)[CH][CH]3)O)c2s1
2ed_23b_1ea,N(c1ccccc1)(c1ccccc1)c1cc2n(C)c3c(ccc(c3)c3ccc(C=C(C#N)C(=O)O)cc3)c2s1
2ed_17b_6ea,N(c1ccccc1)(c1ccccc1)c1ccc(o1)c1ccc(C(=O)O)cc1
2ed_17b_3ea,N(c1ccccc1)(c1ccccc1)c1ccc(o1)c1ncc(C(=O)O)nc1
2ed_17b_8ea,N(c1ccccc1)(c1ccccc1)c1ccc(o1)C=C(C#N)C(=O)O
2ed_17b_11ea,N(c1ccccc1)(c1ccccc1)c1ccc(o1)C#Cc1cc(c(C(=O)O)cc1)O
2ed_17b_5ea,N(c1ccccc1)(c1ccccc1)c1ccc(o1)C1=CC=C(C(=O)O)C1
2ed_17b_2ea,N(c1ccccc1)(c1ccccc1)c1ccc(o1)c1ncc(C(=O)O)cc1
2ed_17b_7ea,N(c1ccccc1)(c1ccccc1)c1ccc(o1)c1ccc([Si](OC)(OC)OC)cc1
2ed_17b_4ea,N(c1ccccc1)(c1ccccc1)c1ccc(o1)c1ccc(C=C(C(=O)O)C#N)s1
2ed_17b_10ea,N(c1ccccc1)(c1ccccc1)c1ccc(o1)C#Cc1ccc(C(=O)NO)cc1
2ed_17b_9ea,N(c1ccccc1)(c1ccccc1)c1ccc(o1)C#CC1=C[CH][C](C(=O)[CH][CH]1)O
2ed_17b_1ea,N(c1ccccc1)(c1ccccc1)c1ccc(o1)c1ccc(C=C(C#N)C(=O)O)cc1
2ed_22b_6ea,N(c1ccccc1)(c1ccccc1)c1ncc(c2nc3c4ccc(CC)cc4c4c(c3nc12)ccc(CC)c4)c1ccc(C(=O)O)cc1
2ed_22b_3ea,N(c1ccccc1)(c1ccccc1)c1ncc(c2nc3c4ccc(CC)cc4c4c(c3nc12)ccc(CC)c4)c1ncc(C(=O)O)nc1
2ed_22b_8ea,N(c1ccccc1)(c1ccccc1)c1ncc(c2nc3c4ccc(CC)cc4c4c(c3nc12)ccc(CC)c4)C=C(C#N)C(=O)O
2ed_22b_5ea,N(c1ccccc1)(c1ccccc1)c1ncc(c2nc3c4ccc(CC)cc4c4c(c3nc12)ccc(CC)c4)C1=CC=C(C(=O)O)C1
2ed_22b_2ea,N(c1ccccc1)(c1ccccc1)c1ncc(c2nc3c4ccc(CC)cc4c4c(c3nc12)ccc(CC)c4)c1ncc(C(=O)O)cc1
2ed_22b_7ea,N(c1ccccc1)(c1ccccc1)c1ncc(c2nc3c4ccc(CC)cc4c4c(c3nc12)ccc(CC)c4)c1ccc([Si](OC)(OC)OC)cc1
2ed_22b_4ea,N(c1ccccc1)(c1ccccc1)c1ncc(c2nc3c4ccc(CC)cc4c4c(c3nc12)ccc(CC)c4)c1ccc(C=C(C(=O)O)C#N)s1
2ed_22b_1ea,N(c1ccccc1)(c1ccccc1)c1ncc(c2nc3c4ccc(CC)cc4c4c(c3nc12)ccc(CC)c4)c1ccc(C=C(C#N)C(=O)O)cc1
2ed_16b_6ea,N(c1ccccc1)(c1ccccc1)C1=[S][C@H](c2c1nsn2)c1ccc(C(=O)O)cc1
2ed_16b_8ea,N(c1ccccc1)(c1ccccc1)C1=[S][C@@H](c2c1nsn2)C=C(C#N)C(=O)O
2ed_16b_11ea,N(c1ccccc1)(c1ccccc1)C1=[S][C@@H](c2c1nsn2)C#Cc1cc(c(C(=O)O)cc1)O
2ed_16b_5ea,N(c1ccccc1)(c1ccccc1)C1=[S][C@@H](c2c1nsn2)C1=CC=C(C(=O)O)C1
2ed_16b_7ea,N(c1ccccc1)(c1ccccc1)C1=[S][C@@H](c2c1nsn2)c1ccc([Si](OC)(OC)OC)cc1
2ed_16b_4ea,N(c1ccccc1)(c1ccccc1)C1=[S][C@H](c2c1nsn2)c1ccc(C=C(C(=O)O)C#N)s1
2ed_16b_10ea,N(c1ccccc1)(c1ccccc1)C1=[S][C@H](c2c1nsn2)C#Cc1ccc(C(=O)NO)cc1
2ed_16b_9ea,N(c1ccccc1)(c1ccccc1)C1=[S][C@@H](c2c1nsn2)C#CC1=C[CH][C](C(=O)[CH][CH]1)O
